"Pos.","Athlete","X60m.1","X.1","X60m.2","X.2","Tot.","X10.X","Sex","Style","Level","Year"
1,"ELLIOTT Jago",102,1,87,1,189,0,"M","Longbow","Novice",2024
2,"MOORE Ben",47,2,59,2,106,1,"M","Longbow","Novice",2024
1,"ALDIS Richard",253,1,252,1,505,4,"M","Recurve","Novice",2024
2,"RAVICHANDRAN Rohit",246,2,230,2,476,2,"M","Recurve","Novice",2024
3,"LEE Kyumin",235,3,197,8,432,3,"M","Recurve","Novice",2024
4,"NDONI David",201,7,222,3,423,4,"M","Recurve","Novice",2024
5,"COCCIOLO Alessio",216,5,204,6,420,1,"M","Recurve","Novice",2024
6,"YATES Jack",200,8,217,4,417,2,"M","Recurve","Novice",2024
7,"LUDDINGTON Will",213,6,197,7,410,3,"M","Recurve","Novice",2024
8,"PAGE Michael",193,9,217,5,410,2,"M","Recurve","Novice",2024
9,"MADEJCZYK Adam",220,4,174,14,394,2,"M","Recurve","Novice",2024
10,"YING Jiehan",190,10,180,12,370,4,"M","Recurve","Novice",2024
11,"SAMWAY Keenan",170,14,195,9,365,3,"M","Recurve","Novice",2024
12,"CHAU Ivan",171,13,191,11,362,1,"M","Recurve","Novice",2024
13,"FITZPATRICK Tom",167,15,176,13,343,1,"M","Recurve","Novice",2024
14,"KHAN Salman",184,12,156,17,340,3,"M","Recurve","Novice",2024
15,"WONG Wang",185,11,155,19,340,1,"M","Recurve","Novice",2024
16,"MCFAWEYA Darrell",139,19,192,10,331,0,"M","Recurve","Novice",2024
17,"PROFIT Dylan",156,16,163,15,319,3,"M","Recurve","Novice",2024
18,"KERR Barnabas",156,17,163,16,319,2,"M","Recurve","Novice",2024
19,"DOMINGUEZ Francis",130,20,155,18,285,2,"M","Recurve","Novice",2024
20,"HARKER Alessandro",125,21,152,20,277,0,"M","Recurve","Novice",2024
21,"HUBBARD Harry",141,18,73,22,214,0,"M","Recurve","Novice",2024
22,"HODGSON Matthew",105,22,76,21,181,0,"M","Recurve","Novice",2024
1,"DAVID Anna",253,3,261,1,514,3,"W","Recurve","Novice",2024
2,"KAZMIERCZAK Magdalena",264,1,231,4,495,7,"W","Recurve","Novice",2024
3,"PIPERKOVA Aleksandra",241,5,244,2,485,5,"W","Recurve","Novice",2024
4,"HAMP Fin",258,2,224,5,482,5,"W","Recurve","Novice",2024
5,"UNDERWOOD Daisy",250,4,207,7,457,8,"W","Recurve","Novice",2024
6,"IGNATIEVA Mariia",204,7,241,3,445,2,"W","Recurve","Novice",2024
7,"BARRETT Lily",218,6,203,8,421,3,"W","Recurve","Novice",2024
8,"SHIPLEY Kate",193,8,200,9,393,4,"W","Recurve","Novice",2024
9,"GABOW Siham",179,11,210,6,389,3,"W","Recurve","Novice",2024
10,"YANG Fan",180,10,194,10,374,0,"W","Recurve","Novice",2024
11,"MULLA Aaisha",159,13,187,11,346,1,"W","Recurve","Novice",2024
12,"CREGEEN Scarlett",169,12,151,13,320,1,"W","Recurve","Novice",2024
13,"AHMED Safiyya",183,9,133,14,316,4,"W","Recurve","Novice",2024
14,"THOMPSON Derin",148,14,167,12,315,2,"W","Recurve","Novice",2024
15,"MLEKUS Tamara",46,16,126,15,172,3,"W","Recurve","Novice",2024
16,"CHENG Hana",68,15,75,16,143,0,"W","Recurve","Novice",2024
1,"CLARKE Oliver",31,2,65,1,96,0,"M","Longbow","Novice",2023
2,"HUGHES Sean",48,1,12,2,60,0,"M","Longbow","Novice",2023
1,"O'DONNELL James",276,1,281,2,557,9,"M","Recurve","Novice",2023
2,"MALDONADO Sergio",251,7,286,1,537,6,"M","Recurve","Novice",2023
3,"DILLINGHAM Merlin",261,5,254,5,515,2,"M","Recurve","Novice",2023
4,"FEDDERSEN Bjarne",253,6,261,3,514,4,"M","Recurve","Novice",2023
5,"GREENWOOD Thomas",262,4,251,6,513,6,"M","Recurve","Novice",2023
6,"O'KEEFE Guy",273,2,238,8,511,7,"M","Recurve","Novice",2023
7,"CHAN Johnny",266,3,244,7,510,5,"M","Recurve","Novice",2023
8,"GARBUTT Mark",244,9,226,11,470,1,"M","Recurve","Novice",2023
9,"PENG Zhihao",222,11,238,9,460,5,"M","Recurve","Novice",2023
10,"ACHARYA Sanjit",196,21,254,4,450,6,"M","Recurve","Novice",2023
11,"SHABU Amal",249,8,199,18,448,1,"M","Recurve","Novice",2023
12,"POTHUNNAH Shane",221,12,221,12,442,3,"M","Recurve","Novice",2023
13,"VADEYAR Atharva",231,10,208,14,439,5,"M","Recurve","Novice",2023
14,"NAUGHTON James",204,16,235,10,439,4,"M","Recurve","Novice",2023
15,"ROGOZINSKI Jakub",219,13,207,15,426,2,"M","Recurve","Novice",2023
16,"KIRKPATRICK Alex",219,14,203,16,422,2,"M","Recurve","Novice",2023
17,"JACKSON Ben",217,15,201,17,418,2,"M","Recurve","Novice",2023
18,"GYMER Tom",197,19,217,13,414,5,"M","Recurve","Novice",2023
19,"VENESS Liam",199,17,190,20,389,1,"M","Recurve","Novice",2023
20,"CARTER Oscar",196,20,189,21,385,2,"M","Recurve","Novice",2023
21,"HODGES Alfred",198,18,177,22,375,3,"M","Recurve","Novice",2023
22,"REYNOLDS Peter",170,22,195,19,365,3,"M","Recurve","Novice",2023
23,"LI Jiahe",146,24,155,23,301,2,"M","Recurve","Novice",2023
24,"MORRISH Ewan",163,23,132,24,295,0,"M","Recurve","Novice",2023
25,"JERSING Luc",101,27,124,25,225,0,"M","Recurve","Novice",2023
26,"HANKIN Paul",104,26,96,26,200,1,"M","Recurve","Novice",2023
27,"HOLT Ryan",112,25,64,27,176,1,"M","Recurve","Novice",2023
1,"LIU Amanda",276,1,264,1,540,4,"W","Recurve","Novice",2023
2,"HASKELL Alice",215,5,251,2,466,3,"W","Recurve","Novice",2023
3,"NIMMO Layla",245,2,216,5,461,2,"W","Recurve","Novice",2023
4,"HUNT Kelsey",208,10,229,3,437,4,"W","Recurve","Novice",2023
5,"HOWES Emma",214,7,221,4,435,1,"W","Recurve","Novice",2023
6,"KERSHAW Samantha",219,4,209,7,428,3,"W","Recurve","Novice",2023
7,"GHOSHEH Alia",215,5,211,6,426,3,"W","Recurve","Novice",2023
8,"CHIU Jessie",242,3,173,13,415,1,"W","Recurve","Novice",2023
9,"HADLEY Megan",211,9,186,9,397,3,"W","Recurve","Novice",2023
10,"LIM Aliza",212,8,156,18,368,1,"W","Recurve","Novice",2023
11,"DAVIES Sophie",208,11,158,17,366,1,"W","Recurve","Novice",2023
12,"WILKINSON Cleo",193,12,167,15,360,5,"W","Recurve","Novice",2023
13,"HAINES Sarah",162,16,196,8,358,2,"W","Recurve","Novice",2023
14,"WILLIAMS Charlotte",170,15,183,10,353,2,"W","Recurve","Novice",2023
15,"TULLY Eliza",162,16,176,12,338,2,"W","Recurve","Novice",2023
16,"GIBBONS Lucy",156,19,171,14,327,1,"W","Recurve","Novice",2023
17,"CAPDEPONT Sandy",159,18,167,16,326,2,"W","Recurve","Novice",2023
18,"PLAIN Katch",179,13,127,20,306,2,"W","Recurve","Novice",2023
19,"GREGORY Stephanie",123,21,179,11,302,2,"W","Recurve","Novice",2023
20,"GREEN Lily",176,14,122,21,298,1,"W","Recurve","Novice",2023
21,"CHONG Wynnie",127,20,137,19,264,1,"W","Recurve","Novice",2023
22,"MARLOW Aliza",97,23,64,24,161,1,"W","Recurve","Novice",2023
23,"GRIFFITHS Amy",65,24,94,23,159,0,"W","Recurve","Novice",2023
24,"PATLAKH Valeriia",107,22,51,25,158,1,"W","Recurve","Novice",2023
25,"MONTAGUE Molly",37,25,95,22,132,0,"W","Recurve","Novice",2023
26,"KAUR Jaspinder",36,26,44,26,80,0,"W","Recurve","Novice",2023
1,"CHING Ngai",66,2,54,2,120,0,"M","Longbow","Novice",2022
2,"CAO KaiCheng",69,1,34,3,103,0,"M","Longbow","Novice",2022
3,"KHAN Abdullah",25,3,65,1,90,0,"M","Longbow","Novice",2022
1,"BOSMANS David",291,1,274,2,565,10,"M","Recurve","Novice",2022
2,"PIOQUINTO Kobe",275,2,267,3,542,6,"M","Recurve","Novice",2022
3,"DAVISON Luc",263,4,277,1,540,7,"M","Recurve","Novice",2022
4,"SIN Matthew",264,3,246,6,510,2,"M","Recurve","Novice",2022
5,"COOPER Daniel",220,8,258,4,478,5,"M","Recurve","Novice",2022
6,"WONG John",208,11,253,5,461,4,"M","Recurve","Novice",2022
7,"ZHANG Bo",226,6,215,7,441,2,"M","Recurve","Novice",2022
8,"YUEN LAU Tsz",231,5,207,11,438,4,"M","Recurve","Novice",2022
9,"LLOYD Haydn",220,7,212,8,432,4,"M","Recurve","Novice",2022
10,"SHARDOW Benjamin",210,10,210,9,420,4,"M","Recurve","Novice",2022
11,"MOORE Thomas",195,14,205,13,400,3,"M","Recurve","Novice",2022
12,"PATEL Jake",189,20,208,10,397,1,"M","Recurve","Novice",2022
13,"LUNIKA Alex",189,19,198,16,387,4,"M","Recurve","Novice",2022
14,"PATEL Hari",187,22,196,17,383,4,"M","Recurve","Novice",2022
15,"FLEMING Ryan",194,15,189,18,383,1,"M","Recurve","Novice",2022
16,"MENDES PENA Miguel",176,24,203,15,379,2,"M","Recurve","Novice",2022
17,"PARKER Max",193,16,186,19,379,2,"M","Recurve","Novice",2022
18,"CHAKKIWALA Nasser",172,26,204,14,376,3,"M","Recurve","Novice",2022
19,"JENNINGS Kieran",193,17,176,20,369,0,"M","Recurve","Novice",2022
20,"ALLEN David",190,18,174,21,364,4,"M","Recurve","Novice",2022
21,"CASEY Robert",155,28,206,12,361,6,"M","Recurve","Novice",2022
22,"POVILONIS Rokas",188,21,169,23,357,3,"M","Recurve","Novice",2022
23,"AHMED Mohammed Ismael",198,13,158,24,356,0,"M","Recurve","Novice",2022
24,"JANMOHAMED Alexander",212,9,141,29,353,0,"M","Recurve","Novice",2022
25,"STOREY Tom",201,12,143,27,344,4,"M","Recurve","Novice",2022
26,"WITTY Oliver",175,25,146,26,321,2,"M","Recurve","Novice",2022
27,"PETTERS George",185,23,125,32,310,1,"M","Recurve","Novice",2022
28,"STONEMAN Scott",168,27,141,28,309,1,"M","Recurve","Novice",2022
29,"AMBROSE Dave",146,31,155,25,301,1,"M","Recurve","Novice",2022
30,"MCDONALD Edward",120,33,171,22,291,1,"M","Recurve","Novice",2022
31,"KIYANI Haisum",147,30,137,30,284,0,"M","Recurve","Novice",2022
32,"O'NEILL Matt",131,32,133,31,264,0,"M","Recurve","Novice",2022
33,"ASAVACHAICHAN Nutt",147,29,108,34,255,2,"M","Recurve","Novice",2022
34,"SMITH Cameron",103,34,115,33,218,0,"M","Recurve","Novice",2022
1,"SEREMESIC Ramona",258,1,259,2,517,6,"W","Recurve","Novice",2022
2,"PHELPS Amy",240,2,261,1,501,5,"W","Recurve","Novice",2022
3,"LEELAKANOK Thanaya",188,4,213,4,401,4,"W","Recurve","Novice",2022
4,"WEBER Rebecca",201,3,186,9,387,4,"W","Recurve","Novice",2022
5,"NOBLE Ellie",184,5,201,5,385,1,"W","Recurve","Novice",2022
6,"NIX Robyn",162,9,215,3,377,2,"W","Recurve","Novice",2022
7,"SYMANOWSKI Anna",160,11,197,6,357,5,"W","Recurve","Novice",2022
8,"YUAN Ruoqi",181,6,176,11,357,3,"W","Recurve","Novice",2022
9,"COLLINS Quinn",161,10,184,10,345,3,"W","Recurve","Novice",2022
10,"MATHER Aletheia",135,15,188,8,323,1,"W","Recurve","Novice",2022
11,"WILDE Izzy",178,8,142,14,320,4,"W","Recurve","Novice",2022
12,"PATEL Sruti",179,7,128,17,307,1,"W","Recurve","Novice",2022
13,"ELLIS-BAUMBER Lydia",152,12,141,15,293,0,"W","Recurve","Novice",2022
14,"HIRD Megan",114,16,175,12,289,0,"W","Recurve","Novice",2022
15,"GREEN Emily",89,20,194,7,283,1,"W","Recurve","Novice",2022
16,"MIDDLETON Laura",148,13,115,20,263,6,"W","Recurve","Novice",2022
17,"MEDINA Eisha Mae",110,18,125,18,235,2,"W","Recurve","Novice",2022
18,"SEMADENI Cal",143,14,92,22,235,0,"W","Recurve","Novice",2022
19,"JORDAN Rebecca",104,19,121,19,225,0,"W","Recurve","Novice",2022
20,"MILN Gwendolen",83,21,139,16,222,2,"W","Recurve","Novice",2022
21,"KACZMAREK Martyna",111,17,106,21,217,1,"W","Recurve","Novice",2022
22,"BLEECK Emma",57,23,148,13,205,1,"W","Recurve","Novice",2022
23,"PAVEY Chloe",68,22,80,23,148,0,"W","Recurve","Novice",2022
24,"JONES Niambh",53,25,65,24,118,0,"W","Recurve","Novice",2022
25,"WANG Yu-Chi",57,23,42,25,99,0,"W","Recurve","Novice",2022
26,"MCBRIDE Cat",36,26,38,26,74,0,"W","Recurve","Novice",2022
1,"KELSEY Dominic",294,1,289,1,583,10,"M","Recurve","Novice",2021
2,"LEE Micah",238,2,262,2,500,6,"M","Recurve","Novice",2021
3,"LAU Lok Hay",237,4,233,3,470,4,"M","Recurve","Novice",2021
4,"HUYGENS Louis",237,3,230,4,467,7,"M","Recurve","Novice",2021
5,"SUEN Wade",201,5,212,7,413,2,"M","Recurve","Novice",2021
6,"SWADDLE Elijah",185,7,222,5,407,3,"M","Recurve","Novice",2021
7,"LIM Tristan",183,9,220,6,403,5,"M","Recurve","Novice",2021
8,"DUDEK Kamil",185,8,211,8,396,2,"M","Recurve","Novice",2021
9,"ASHTON Benjamin",172,11,198,9,370,4,"M","Recurve","Novice",2021
10,"CRAWFORD Matthew",190,6,176,10,366,3,"M","Recurve","Novice",2021
11,"PARINA Noelito",173,10,153,12,326,0,"M","Recurve","Novice",2021
12,"STEPHENSON Joshua",171,12,151,13,322,1,"M","Recurve","Novice",2021
13,"CURSON Kieran",165,13,154,11,319,0,"M","Recurve","Novice",2021
14,"ZHAN Austin",164,14,132,14,296,0,"M","Recurve","Novice",2021
15,"WONG Michael",162,15,120,15,282,0,"M","Recurve","Novice",2021
16,"HADI Albert",94,16,88,16,182,1,"M","Recurve","Novice",2021
1,"HARLEY Zo�",247,1,252,1,499,8,"W","Recurve","Novice",2021
2,"FITZ Leanne",211,2,217,2,428,3,"W","Recurve","Novice",2021
3,"BROCKSOM Charlotte",158,3,181,3,339,0,"W","Recurve","Novice",2021
4,"CHARD Charlotte",153,5,158,4,311,2,"W","Recurve","Novice",2021
5,"MEARS Rebecca",157,4,152,5,309,3,"W","Recurve","Novice",2021
6,"IONITA Paula",74,6,128,6,202,1,"W","Recurve","Novice",2021
7,"COOMBS Rachel",65,7,83,7,148,0,"W","Recurve","Novice",2021
