"Pos.","Athlete","X50m.1","X.1","X50m.2","X.2","Tot.","X10.X","Sex","Style","Level","Year"
1,"KILGALLON Daniel",292,1,291,1,583,9,"M","Barebow","Experienced",2024
2,"KENNETT Ewan",262,2,270,2,532,3,"M","Barebow","Experienced",2024
3,"UNDERHILL Tom",249,3,252,3,501,2,"M","Barebow","Experienced",2024
4,"ZHANG Rex",237,5,222,7,459,5,"M","Barebow","Experienced",2024
5,"MASKELL Joe",245,4,209,8,454,4,"M","Barebow","Experienced",2024
6,"MULLAN Dillon",222,6,232,6,454,3,"M","Barebow","Experienced",2024
7,"PRETTYMAN Sam",212,7,232,5,444,4,"M","Barebow","Experienced",2024
8,"TAYLOR Leon",205,9,235,4,440,5,"M","Barebow","Experienced",2024
9,"MCGILLIVRAY Chris",207,8,208,9,415,1,"M","Barebow","Experienced",2024
10,"PEPPER Benjamin",178,11,157,11,335,1,"M","Barebow","Experienced",2024
11,"SIMMONDS Kyle",161,12,169,10,330,0,"M","Barebow","Experienced",2024
12,"MOHAMMED Shamas",187,10,140,14,327,3,"M","Barebow","Experienced",2024
13,"NEWELL-THOMAS Kieran",160,13,152,13,312,5,"M","Barebow","Experienced",2024
14,"NORRIS Jack",100,14,156,12,256,0,"M","Barebow","Experienced",2024
15,"MOONEY James",89,15,108,15,197,0,"M","Barebow","Experienced",2024
1,"SEDIQ Ilia",266,1,275,1,541,5,"W","Barebow","Experienced",2024
2,"TAPLIN Elizabeth",259,2,241,2,500,6,"W","Barebow","Experienced",2024
3,"WONG Marilyn",253,3,240,3,493,4,"W","Barebow","Experienced",2024
4,"PRIOR Florence",207,4,231,5,438,6,"W","Barebow","Experienced",2024
5,"PISANI Sharon",186,9,235,4,421,5,"W","Barebow","Experienced",2024
6,"COTIRLAN Anca-Luiza",196,6,210,7,406,2,"W","Barebow","Experienced",2024
7,"BAKER Niamh",193,7,204,9,397,1,"W","Barebow","Experienced",2024
8,"SHIMELD Amy",202,5,188,10,390,1,"W","Barebow","Experienced",2024
9,"HANDLOVICOVA Katarina",177,10,212,6,389,3,"W","Barebow","Experienced",2024
10,"MARTIN Alexandra",144,14,206,8,350,2,"W","Barebow","Experienced",2024
11,"SECORD Isabelle",157,12,185,11,342,1,"W","Barebow","Experienced",2024
12,"CHAN Alyssa",186,8,154,16,340,2,"W","Barebow","Experienced",2024
13,"POLLINGTON Katie",140,15,182,12,322,0,"W","Barebow","Experienced",2024
14,"ROBSON Katy",151,13,161,15,312,1,"W","Barebow","Experienced",2024
15,"OOI Roxanne",138,16,161,14,299,1,"W","Barebow","Experienced",2024
16,"HUBBERT Lucy",162,11,130,17,292,2,"W","Barebow","Experienced",2024
17,"SMITH Evie",116,17,161,13,277,2,"W","Barebow","Experienced",2024
18,"ROWE Charli",57,19,94,18,151,1,"W","Barebow","Experienced",2024
19,"MOLINA CERON Fatima",62,18,86,19,148,1,"W","Barebow","Experienced",2024
20,"REDSELL Kayleigh-Ann",55,20,45,20,100,0,"W","Barebow","Experienced",2024
1,"WALSH Jake",336,1,337,1,673,39,"M","Compound","Experienced",2024
2,"DEAKIN Aaron",323,6,333,2,656,28,"M","Compound","Experienced",2024
3,"HARDING Max",323,5,330,3,653,31,"M","Compound","Experienced",2024
4,"POWELL Rory",320,9,327,4,647,22,"M","Compound","Experienced",2024
5,"WRIGHT Liam",326,4,320,5,646,25,"M","Compound","Experienced",2024
6,"CARTWRIGHT Sam",327,3,319,7,646,21,"M","Compound","Experienced",2024
7,"KONG XiangKun",328,2,314,9,642,27,"M","Compound","Experienced",2024
8,"PEAKE Liam",321,8,319,6,640,21,"M","Compound","Experienced",2024
9,"FU Tianyi",321,7,315,8,636,22,"M","Compound","Experienced",2024
10,"GUERIN Christopher",317,10,312,10,629,13,"M","Compound","Experienced",2024
11,"HICKMAN Daniel",315,11,310,11,625,13,"M","Compound","Experienced",2024
12,"PARINA Noelito",303,12,294,13,597,16,"M","Compound","Experienced",2024
13,"GUERRIERO Francesco",292,14,303,12,595,11,"M","Compound","Experienced",2024
14,"HARGREAVES Rob",286,15,291,14,577,11,"M","Compound","Experienced",2024
15,"THORNTON William",292,13,280,16,572,8,"M","Compound","Experienced",2024
16,"RICHARDSON Corey",268,16,286,15,554,7,"M","Compound","Experienced",2024
1,"ANNISON Layla",337,1,330,1,667,31,"W","Compound","Experienced",2024
2,"BOULTON Hallie",327,2,330,2,657,24,"W","Compound","Experienced",2024
3,"STEWART Josephine",320,3,324,3,644,23,"W","Compound","Experienced",2024
4,"BALCOMBE Faye",318,5,321,4,639,21,"W","Compound","Experienced",2024
5,"MEYRICK Sophie",320,4,304,6,624,16,"W","Compound","Experienced",2024
6,"BODE Amy",311,6,312,5,623,20,"W","Compound","Experienced",2024
7,"HUNTER Holly",278,7,274,7,552,7,"W","Compound","Experienced",2024
8,"WILLOUGHBY Caitlin",266,8,266,8,532,8,"W","Compound","Experienced",2024
9,"XING Xinyue",252,9,179,10,431,4,"W","Compound","Experienced",2024
10,"MOHN Alexandra",185,10,187,9,372,6,"W","Compound","Experienced",2024
1,"ANDERSON William",233,2,226,2,459,2,"M","Barebow","Novice",2024
2,"GILLINGHAM Luka",246,1,205,3,451,3,"M","Barebow","Novice",2024
3,"WARNER Jon",202,5,230,1,432,4,"M","Barebow","Novice",2024
4,"GEERTMAN Lucas",232,3,189,4,421,3,"M","Barebow","Novice",2024
5,"PLEDGER Ray",224,4,166,6,390,3,"M","Barebow","Novice",2024
6,"GURYEV Daniil",151,6,168,5,319,0,"M","Barebow","Novice",2024
7,"KNOTT Samuel",143,7,163,7,306,1,"M","Barebow","Novice",2024
8,"HARROD Nic",110,8,115,8,225,0,"M","Barebow","Novice",2024
9,"FREEMAN Lewis",103,9,79,9,182,0,"M","Barebow","Novice",2024
1,"GOODE Amanda",176,2,192,1,368,0,"W","Barebow","Novice",2024
2,"JESSEN Eva",195,1,145,2,340,2,"W","Barebow","Novice",2024
3,"BENFORD Eleanor",137,3,141,3,278,0,"W","Barebow","Novice",2024
4,"KAVANAGH Aine",130,4,136,4,266,2,"W","Barebow","Novice",2024
5,"GRAY Hannah",99,6,108,5,207,0,"W","Barebow","Novice",2024
6,"STEARN Eva",96,7,108,5,204,0,"W","Barebow","Novice",2024
7,"HOLLAND Gabriella",106,5,75,7,181,0,"W","Barebow","Novice",2024
8,"EVANS Sydney",50,8,46,8,96,0,"W","Barebow","Novice",2024
1,"KILGALLON Daniel",278,1,266,1,544,7,"M","Barebow","Experienced",2023
2,"DUNNE Eoin",228,4,244,3,472,4,"M","Barebow","Experienced",2023
3,"YOUNG Benjamin",245,2,226,5,471,2,"M","Barebow","Experienced",2023
4,"BARNETT Henry",225,5,245,2,470,1,"M","Barebow","Experienced",2023
5,"UNDERHILL Tom",230,3,214,7,444,2,"M","Barebow","Experienced",2023
6,"MCWILLIAMS Ty",200,8,233,4,433,1,"M","Barebow","Experienced",2023
7,"PRETTYMAN Sam",211,7,216,6,427,0,"M","Barebow","Experienced",2023
8,"BARANOVSKIS Roman",214,6,184,9,398,4,"M","Barebow","Experienced",2023
9,"NEWELL-THOMAS Kieran",184,12,207,8,391,3,"M","Barebow","Experienced",2023
10,"ALI Omar",196,10,180,10,376,2,"M","Barebow","Experienced",2023
11,"PAK Ka",185,11,157,11,342,0,"M","Barebow","Experienced",2023
12,"MOONEY James",197,9,141,13,338,1,"M","Barebow","Experienced",2023
13,"SHAH Sanjay",159,13,155,12,314,0,"M","Barebow","Experienced",2023
14,"ZHANG Rex",112,14,109,14,221,2,"M","Barebow","Experienced",2023
1,"UEMLIANIN-STONE Natalya",250,1,277,1,527,6,"W","Barebow","Experienced",2023
2,"MILLINGTON Leah",239,4,261,2,500,5,"W","Barebow","Experienced",2023
3,"MULHOLLAND Tia",245,3,246,3,491,4,"W","Barebow","Experienced",2023
4,"SEDIQ Ilia",231,5,240,4,471,2,"W","Barebow","Experienced",2023
5,"STRICKLAND Millie",245,2,215,8,460,7,"W","Barebow","Experienced",2023
6,"EVANS Rosemary",210,7,222,5,432,4,"W","Barebow","Experienced",2023
7,"TURNER Jasmine",224,6,208,9,432,1,"W","Barebow","Experienced",2023
8,"POLLINGTON Katie",201,8,220,6,421,1,"W","Barebow","Experienced",2023
9,"SHIMELD Amy",187,10,218,7,405,5,"W","Barebow","Experienced",2023
10,"TAPLIN Elizabeth",188,9,173,10,361,2,"W","Barebow","Experienced",2023
11,"FARMER Alexandra",170,11,171,11,341,3,"W","Barebow","Experienced",2023
12,"MARTIN Alexandra",167,12,171,12,338,4,"W","Barebow","Experienced",2023
13,"TEELE Avery",161,13,144,13,305,1,"W","Barebow","Experienced",2023
14,"HUBBERT Lucy",148,14,99,15,247,2,"W","Barebow","Experienced",2023
15,"CORIN Willo",109,15,132,14,241,0,"W","Barebow","Experienced",2023
16,"LODGE Sophie",103,16,91,16,194,1,"W","Barebow","Experienced",2023
17,"REID Jorja",95,17,72,17,167,1,"W","Barebow","Experienced",2023
18,"ROSE Phoebe",52,18,40,18,92,0,"W","Barebow","Experienced",2023
1,"CARTWRIGHT Sam",337,3,339,1,676,38,"M","Compound","Experienced",2023
2,"WALSH Jake",344,1,332,4,676,35,"M","Compound","Experienced",2023
3,"KONG XiangKun",340,2,332,3,672,34,"M","Compound","Experienced",2023
4,"PEAKE Liam",334,5,338,2,672,31,"M","Compound","Experienced",2023
5,"ELVES Aidan",335,4,331,5,666,30,"M","Compound","Experienced",2023
6,"LANSLEY Henry",319,8,322,6,641,22,"M","Compound","Experienced",2023
7,"EYLES Danny",326,6,312,9,638,17,"M","Compound","Experienced",2023
8,"GUERIN Christopher",315,9,316,8,631,18,"M","Compound","Experienced",2023
9,"POWELL Rory",309,10,317,7,626,17,"M","Compound","Experienced",2023
10,"HARGREAVES Rob",306,11,308,10,614,15,"M","Compound","Experienced",2023
11,"THORNTON William",320,7,290,13,610,17,"M","Compound","Experienced",2023
12,"BOLD Dan",292,12,293,12,585,18,"M","Compound","Experienced",2023
13,"PARINA Noelito",286,13,295,11,581,12,"M","Compound","Experienced",2023
14,"DEEMING Dante",266,14,271,14,537,10,"M","Compound","Experienced",2023
15,"JOYCE Sam",265,15,229,15,494,4,"M","Compound","Experienced",2023
1,"ANNISON Layla",341,1,337,1,678,39,"W","Compound","Experienced",2023
2,"BRYAN Jenny",334,2,325,3,659,34,"W","Compound","Experienced",2023
3,"STEWART Josephine",331,4,322,4,653,26,"W","Compound","Experienced",2023
4,"GREEN Zara",318,6,331,2,649,23,"W","Compound","Experienced",2023
5,"BODE Amy",332,3,315,6,647,28,"W","Compound","Experienced",2023
6,"BALCOMBE Faye",326,5,320,5,646,22,"W","Compound","Experienced",2023
7,"HUNTER Holly",292,7,299,7,591,10,"W","Compound","Experienced",2023
8,"COOMBS Rachel",261,8,288,8,549,7,"W","Compound","Experienced",2023
9,"MARSH Jordanna",234,9,237,9,471,3,"W","Compound","Experienced",2023
1,"KEITH Euan",281,1,249,1,530,5,"M","Barebow","Novice",2023
2,"ATTWOOD Cameron",237,2,223,3,460,4,"M","Barebow","Novice",2023
3,"PULLEN Christian",220,3,214,5,434,4,"M","Barebow","Novice",2023
4,"BIRCHAM Leo",190,7,226,2,416,3,"M","Barebow","Novice",2023
5,"DAVIS Kai",201,5,213,6,414,2,"M","Barebow","Novice",2023
6,"PEPPER Benjamin",202,4,208,7,410,3,"M","Barebow","Novice",2023
7,"GUCCIARDI Andrea",180,9,222,4,402,2,"M","Barebow","Novice",2023
8,"GARLAND Stephen",186,8,199,8,385,1,"M","Barebow","Novice",2023
9,"TAYLOR Leon",157,11,168,9,325,2,"M","Barebow","Novice",2023
10,"MULLAN Dillon",191,6,123,12,314,3,"M","Barebow","Novice",2023
11,"JOHNSTON Shaun",139,13,153,10,292,0,"M","Barebow","Novice",2023
12,"SIMMONDS Kyle",154,12,137,11,291,3,"M","Barebow","Novice",2023
13,"WALKER Nyle",163,10,122,13,285,1,"M","Barebow","Novice",2023
14,"BOWERS Samuel",132,14,104,15,236,1,"M","Barebow","Novice",2023
15,"COX James",115,15,78,17,193,1,"M","Barebow","Novice",2023
16,"POTTS Isaac",75,16,110,14,185,1,"M","Barebow","Novice",2023
17,"KANE Rowan",75,16,93,16,168,0,"M","Barebow","Novice",2023
1,"FANG Tianshu",235,1,249,1,484,3,"W","Barebow","Novice",2023
2,"CAVALHEIRO Carine",190,2,157,4,347,2,"W","Barebow","Novice",2023
3,"JONES Bethan",170,4,175,2,345,2,"W","Barebow","Novice",2023
4,"PISANI Sharon",164,5,148,5,312,1,"W","Barebow","Novice",2023
5,"REDSELL Kayleigh-Ann",176,3,121,6,297,1,"W","Barebow","Novice",2023
6,"CRAWLEY Olivia",102,9,172,3,274,1,"W","Barebow","Novice",2023
7,"ROXANNE Ooi",157,6,86,10,243,0,"W","Barebow","Novice",2023
8,"CHRYSANTHOU Ellie",112,8,118,7,230,1,"W","Barebow","Novice",2023
9,"ARTIKOVA Alina",135,7,87,9,222,0,"W","Barebow","Novice",2023
10,"RYAN Ellie",74,10,100,8,174,0,"W","Barebow","Novice",2023
1,"VAN VELZEN Rens",274,1,256,2,530,6,"M","Barebow","Experienced",2022
2,"WATERS Matt",238,5,282,1,520,6,"M","Barebow","Experienced",2022
3,"KENNETT Ewan",243,4,244,3,487,4,"M","Barebow","Experienced",2022
4,"BARNETT Henry",237,6,236,5,473,2,"M","Barebow","Experienced",2022
5,"KILGALLON Daniel",256,2,214,9,470,6,"M","Barebow","Experienced",2022
6,"UNDERHILL Tom",245,3,225,8,470,3,"M","Barebow","Experienced",2022
7,"THOMAS Oliver",213,7,229,7,442,2,"M","Barebow","Experienced",2022
8,"PHYPERS Isaac",201,8,237,4,438,4,"M","Barebow","Experienced",2022
9,"DUNNE Eoin",149,12,231,6,380,2,"M","Barebow","Experienced",2022
10,"HUTCHINSON Ben",162,11,199,10,361,1,"M","Barebow","Experienced",2022
11,"WONG Michael",182,10,175,11,357,3,"M","Barebow","Experienced",2022
12,"PRICE Keiran",190,9,128,13,318,1,"M","Barebow","Experienced",2022
13,"MOONEY James",139,13,169,12,308,4,"M","Barebow","Experienced",2022
1,"PANESAR Simran",222,2,247,1,469,4,"W","Barebow","Experienced",2022
2,"MILLINGTON Leah",228,1,230,3,458,4,"W","Barebow","Experienced",2022
3,"EVANS Rosemary",220,3,226,4,446,4,"W","Barebow","Experienced",2022
4,"ULOTH Alice",202,6,240,2,442,2,"W","Barebow","Experienced",2022
5,"TURNER Jasmine",212,4,215,6,427,2,"W","Barebow","Experienced",2022
6,"KNIBB Illaria",175,8,225,5,400,4,"W","Barebow","Experienced",2022
7,"ROSE Phoebe",210,5,156,8,366,0,"W","Barebow","Experienced",2022
8,"BAILEY Alice",166,9,175,7,341,0,"W","Barebow","Experienced",2022
9,"HUBBERT Lucy",178,7,138,10,316,0,"W","Barebow","Experienced",2022
10,"TUDORACHE Ana Maria",161,10,145,9,306,2,"W","Barebow","Experienced",2022
11,"SERGEEV Elisavetha",153,11,137,11,290,1,"W","Barebow","Experienced",2022
12,"ROGERS Shoshone",129,12,124,13,253,1,"W","Barebow","Experienced",2022
13,"BROWN Sophie",98,13,131,12,229,0,"W","Barebow","Experienced",2022
14,"BUCK Hannah",60,14,92,14,152,1,"W","Barebow","Experienced",2022
1,"WALSH Jake",327,1,334,3,661,30,"M","Compound","Experienced",2022
2,"PLATT Callum",322,5,334,2,656,34,"M","Compound","Experienced",2022
3,"KOZERA Michal",324,4,328,5,652,23,"M","Compound","Experienced",2022
4,"RIDES Connor",319,9,331,4,650,22,"M","Compound","Experienced",2022
5,"GUERIN Christopher",324,3,320,6,644,24,"M","Compound","Experienced",2022
6,"POWELL Rory",322,7,316,8,638,19,"M","Compound","Experienced",2022
7,"CARTWRIGHT Sam",315,11,317,7,632,25,"M","Compound","Experienced",2022
8,"HARGREAVES Rob",312,13,314,9,626,19,"M","Compound","Experienced",2022
9,"PARINA Noelito",316,10,305,10,621,14,"M","Compound","Experienced",2022
10,"GUERRIERO Francesco",312,12,299,12,611,12,"M","Compound","Experienced",2022
11,"ANDERSON Ryan",321,8,278,14,599,17,"M","Compound","Experienced",2022
12,"BOLD Dan",301,14,280,13,581,12,"M","Compound","Experienced",2022
1,"PINE Phoebe",343,1,326,2,669,30,"W","Compound","Experienced",2022
2,"CHAPPELL Grace",330,2,328,1,658,26,"W","Compound","Experienced",2022
3,"GREEN Zara",315,3,305,5,620,19,"W","Compound","Experienced",2022
4,"STEWART Josephine",302,5,315,3,617,14,"W","Compound","Experienced",2022
5,"MARSH Jordanna",295,6,309,4,604,13,"W","Compound","Experienced",2022
6,"HUNTER Holly",309,4,291,6,600,9,"W","Compound","Experienced",2022
7,"PEARCE Abigail",233,7,270,7,503,4,"W","Compound","Experienced",2022
1,"THORPE Xander",195,1,186,1,381,0,"M","Barebow","Novice",2022
2,"MASKELL Joe",183,2,170,2,353,3,"M","Barebow","Novice",2022
3,"MEHDI Zain",143,3,111,4,254,1,"M","Barebow","Novice",2022
4,"FERGUSSON James",78,4,148,3,226,2,"M","Barebow","Novice",2022
1,"SEDIQ Ilia",233,1,262,1,495,2,"W","Barebow","Novice",2022
2,"SHIMELD Amy",206,3,213,2,419,1,"W","Barebow","Novice",2022
3,"LODGE Sophie",199,4,177,5,376,3,"W","Barebow","Novice",2022
4,"STRICKLAND Millie",207,2,134,6,341,3,"W","Barebow","Novice",2022
5,"SHARP Harriet",145,6,191,3,336,1,"W","Barebow","Novice",2022
6,"GREEN El",150,5,180,4,330,0,"W","Barebow","Novice",2022
1,"WATERS Matt",258,1,281,1,539,6,"M","Barebow","Experienced",2021
2,"PRETTYMAN Sam",256,2,257,2,513,5,"M","Barebow","Experienced",2021
3,"SHAW Elliot",247,4,251,3,498,7,"M","Barebow","Experienced",2021
4,"HUTCHINSON Ben",251,3,225,5,476,5,"M","Barebow","Experienced",2021
5,"KUKIELKA Andrew",235,7,224,6,459,2,"M","Barebow","Experienced",2021
6,"BARNETT Henry",223,9,236,4,459,1,"M","Barebow","Experienced",2021
7,"UNDERHILL Tom",242,5,200,7,442,6,"M","Barebow","Experienced",2021
8,"PATTINSON Liam",235,8,200,8,435,0,"M","Barebow","Experienced",2021
9,"KILGALLON Daniel",239,6,194,9,433,2,"M","Barebow","Experienced",2021
10,"KASAPOV Nik",205,10,179,10,384,1,"M","Barebow","Experienced",2021
11,"JONES Andrew",131,12,151,11,282,2,"M","Barebow","Experienced",2021
12,"ALGER Stephen",132,11,137,12,269,2,"M","Barebow","Experienced",2021
1,"HUTCHINSON Laura",207,3,240,1,447,2,"W","Barebow","Experienced",2021
2,"FRANCESCA PEROCHEAU Alexa",228,2,210,2,438,3,"W","Barebow","Experienced",2021
3,"CALLAGHAN Kimberley",235,1,195,4,430,5,"W","Barebow","Experienced",2021
4,"QUILANG Princess Ann",184,4,196,3,380,1,"W","Barebow","Experienced",2021
5,"SAUNDERS Alice",181,5,153,5,334,1,"W","Barebow","Experienced",2021
6,"BRAIN Sophie",181,6,145,6,326,0,"W","Barebow","Experienced",2021
7,"TURNER Jasmine",163,7,138,7,301,1,"W","Barebow","Experienced",2021
8,"MANTON Lauren",152,8,111,10,263,1,"W","Barebow","Experienced",2021
9,"SALAMONE Jessica",123,9,115,8,238,3,"W","Barebow","Experienced",2021
10,"MORRIS Heidi",112,10,112,9,224,1,"W","Barebow","Experienced",2021
11,"WILLIAMS Emily",44,11,57,11,101,0,"W","Barebow","Experienced",2021
1,"THOMAS-PRAUSE Kai",344,1,345,1,689,43,"M","Compound","Experienced",2021
2,"PLATT Callum",341,2,343,3,684,39,"M","Compound","Experienced",2021
3,"RIDES Connor",333,3,343,2,676,35,"M","Compound","Experienced",2021
4,"LAWRENCE Benjamin",324,6,330,4,654,24,"M","Compound","Experienced",2021
5,"RICHARDSON Thomas",320,10,330,4,650,15,"M","Compound","Experienced",2021
6,"POWELL Rory",319,11,329,7,648,20,"M","Compound","Experienced",2021
7,"GUERIN Christopher",332,4,315,10,647,23,"M","Compound","Experienced",2021
8,"WRIGHT Liam",323,7,322,8,645,24,"M","Compound","Experienced",2021
9,"JACKSON Timothy",314,12,329,6,643,23,"M","Compound","Experienced",2021
10,"KOZERA Michal",320,9,318,9,638,19,"M","Compound","Experienced",2021
11,"CARTWRIGHT Sam",329,5,300,13,629,22,"M","Compound","Experienced",2021
12,"HERMAN Alexander",323,8,306,11,629,13,"M","Compound","Experienced",2021
13,"GUERRIERO Francesco",307,13,304,12,611,17,"M","Compound","Experienced",2021
14,"PARGETER Kieran",281,14,264,14,545,8,"M","Compound","Experienced",2021
15,"FOO Sean",253,15,254,15,507,1,"M","Compound","Experienced",2021
16,"BOLD Dan",214,16,222,16,436,5,"M","Compound","Experienced",2021
1,"MARTEL Elizabeth",325,1,333,1,658,31,"W","Compound","Experienced",2021
2,"GREEN Zara",311,2,310,2,621,22,"W","Compound","Experienced",2021
3,"HICKS Abigail",285,4,284,3,569,9,"W","Compound","Experienced",2021
4,"ABRAHAM Kara",291,3,267,4,558,11,"W","Compound","Experienced",2021
1,"PHYPERS Isaac",212,1,226,1,438,3,"M","Barebow","Novice",2021
2,"HAIDER Saif",189,3,208,2,397,3,"M","Barebow","Novice",2021
3,"JENKINS Hywel",193,2,172,5,365,2,"M","Barebow","Novice",2021
4,"FANNING Ryan",163,4,182,4,345,1,"M","Barebow","Novice",2021
5,"TECKMAN Joseph",155,5,186,3,341,1,"M","Barebow","Novice",2021
6,"SHAH Sanjay",145,6,154,6,299,1,"M","Barebow","Novice",2021
7,"KENNETT Ewan",143,7,124,7,267,1,"M","Barebow","Novice",2021
8,"SOBER Gabriel",34,8,45,8,79,1,"M","Barebow","Novice",2021
1,"PANESAR Simran",225,1,205,2,430,3,"W","Barebow","Novice",2021
2,"SERGEEV Elisavetha",215,2,207,1,422,1,"W","Barebow","Novice",2021
3,"ROGERS Shoshone",169,4,169,4,338,2,"W","Barebow","Novice",2021
4,"ULOTH Alice",160,5,176,3,336,3,"W","Barebow","Novice",2021
5,"KNIBB Illaria",180,3,112,7,292,0,"W","Barebow","Novice",2021
6,"COOKE Charlotte",127,6,118,6,245,3,"W","Barebow","Novice",2021
7,"BAILEY Alice",89,7,134,5,223,0,"W","Barebow","Novice",2021
8,"CHICHESTER Caitlin",84,8,23,8,107,0,"W","Barebow","Novice",2021
1,"THOMAS-PRAUSE Kai",347,1,351,1,698,51,"M","Compound","Mixed",2019
2,"SCHOEPPNER Ove",344,3,333,3,677,37,"M","Compound","Mixed",2019
3,"WOODGATE Christopher",345,2,329,5,674,35,"M","Compound","Mixed",2019
4,"HARPER Rhys",342,4,331,4,673,34,"M","Compound","Mixed",2019
5,"EDMONDSON James",337,6,336,2,673,33,"M","Compound","Mixed",2019
6,"CASSELLS Chris",339,5,325,8,664,31,"M","Compound","Mixed",2019
7,"BOURNE Ollie",332,7,326,7,658,24,"M","Compound","Mixed",2019
8,"ATKINSON Jack",325,9,326,6,651,26,"M","Compound","Mixed",2019
9,"ANDERSON Ryan",327,8,319,11,646,23,"M","Compound","Mixed",2019
10,"JACKSON Tom",320,10,321,10,641,29,"M","Compound","Mixed",2019
11,"GUERIN Christopher",319,12,322,9,641,22,"M","Compound","Mixed",2019
12,"POWELL Rory",319,11,312,13,631,26,"M","Compound","Mixed",2019
13,"DAVIES Alexander",308,14,314,12,622,15,"M","Compound","Mixed",2019
14,"DUFFIELD Ricki",308,13,298,15,606,13,"M","Compound","Mixed",2019
15,"THOMAS Christopher",280,15,310,14,590,11,"M","Compound","Mixed",2019
16,"HERMAN Alex",259,17,294,16,553,7,"M","Compound","Mixed",2019
17,"WALKER Matt",267,16,219,17,486,8,"M","Compound","Mixed",2019
1,"MOON Sarah",342,1,349,1,691,45,"W","Compound","Mixed",2019
2,"MARTEL Beth",332,2,332,2,664,27,"W","Compound","Mixed",2019
3,"ABRAHAM Kara",306,3,303,3,609,13,"W","Compound","Mixed",2019
4,"STEWART Josephine",295,4,288,4,583,13,"W","Compound","Mixed",2019
5,"ECKLES Rebecca",257,6,282,5,539,8,"W","Compound","Mixed",2019
6,"HUGHES Catherine",273,5,226,6,499,10,"W","Compound","Mixed",2019
1,"TAYLOR Stuart",342,1,339,2,681,37,"M","Compound","Mixed",2018
2,"BROOKES Andrew",338,2,331,4,669,30,"M","Compound","Mixed",2018
3,"REES Sam",326,6,343,1,669,30,"M","Compound","Mixed",2018
4,"TUCKNOTT Pip",330,4,331,4,661,24,"M","Compound","Mixed",2018
5,"HARPER Rhys",331,3,328,7,659,28,"M","Compound","Mixed",2018
6,"CASSELLS Chris",329,5,326,8,655,12,"M","Compound","Mixed",2018
7,"EDMONDSON James",317,10,337,3,654,28,"M","Compound","Mixed",2018
8,"BRENNAN Chris",324,7,321,10,645,21,"M","Compound","Mixed",2018
9,"GUERIN Christopher",312,14,331,6,643,20,"M","Compound","Mixed",2018
10,"JACKSON Timothy",321,8,318,12,639,23,"M","Compound","Mixed",2018
11,"JAMIESON Scott",315,12,321,11,636,17,"M","Compound","Mixed",2018
12,"YORK Alec",319,9,315,14,634,19,"M","Compound","Mixed",2018
13,"BOURNE Ollie",313,13,321,9,634,9,"M","Compound","Mixed",2018
14,"SCHOEPPNER Ove",316,11,315,13,631,18,"M","Compound","Mixed",2018
15,"GUO Ziheng",310,15,310,16,620,11,"M","Compound","Mixed",2018
16,"JACKSON Tom",307,16,304,18,611,12,"M","Compound","Mixed",2018
17,"PEAKE Ciaron",300,17,309,17,609,14,"M","Compound","Mixed",2018
18,"ABRAM-SAHLSTROM Daniel",291,19,315,15,606,7,"M","Compound","Mixed",2018
19,"TROTT Adam",293,18,299,19,592,11,"M","Compound","Mixed",2018
20,"PEREZ Rovin",267,20,284,20,551,12,"M","Compound","Mixed",2018
21,"DUFFIELD Ricki",253,21,282,21,535,7,"M","Compound","Mixed",2018
22,"HORNER Benjamin",251,22,272,22,523,6,"M","Compound","Mixed",2018
1,"FOSTER Lizzie",326,1,332,1,658,29,"W","Compound","Mixed",2018
2,"MOON Sarah",326,1,322,3,648,28,"W","Compound","Mixed",2018
3,"SINNETT-SMITH Lydia",301,4,323,2,624,16,"W","Compound","Mixed",2018
4,"GRADWOHL Elisa",303,3,309,5,612,13,"W","Compound","Mixed",2018
5,"TUTUIANU Anca",294,6,315,4,609,12,"W","Compound","Mixed",2018
6,"ALMOND Nicole",288,7,302,6,590,11,"W","Compound","Mixed",2018
7,"CLARK Heather",295,5,290,7,585,9,"W","Compound","Mixed",2018
8,"STEWART Josephine",285,8,278,8,563,13,"W","Compound","Mixed",2018
9,"ROGERS Taylor",272,9,243,9,515,5,"W","Compound","Mixed",2018
1,"GUO Ziheng",341,1,335,1,676,35,"O","Compound","Mixed",2017
2,"TAYLOR Thomas",334,3,325,7,659,23,"O","Compound","Mixed",2017
3,"BOURNE Oliver",332,4,325,4,657,30,"O","Compound","Mixed",2017
4,"REES Sam",332,5,325,6,657,26,"O","Compound","Mixed",2017
5,"TUCKNOTT Pip",330,7,325,5,655,28,"O","Compound","Mixed",2017
6,"LIEW Zhen Yuan",327,10,327,2,654,27,"O","Compound","Mixed",2017
7,"MILIJKOVIC Neira",329,8,324,8,653,20,"O","Compound","Mixed",2017
8,"MOORE Joshua",331,6,320,9,651,22,"O","Compound","Mixed",2017
9,"EDMONDSON James",334,2,311,11,645,23,"O","Compound","Mixed",2017
10,"MORRIS Richard",315,15,326,3,641,28,"O","Compound","Mixed",2017
11,"CASSELLS Chris",328,9,311,12,639,21,"O","Compound","Mixed",2017
12,"BRENNAN Chris",326,11,312,10,638,23,"O","Compound","Mixed",2017
13,"CHAN Sze Chai",323,13,307,13,630,19,"O","Compound","Mixed",2017
14,"PARES Lloyd",318,14,306,14,624,14,"O","Compound","Mixed",2017
15,"PEAKE Ciaron",325,12,297,15,622,12,"O","Compound","Mixed",2017
16,"DAVIES Alexander",304,16,292,16,596,12,"O","Compound","Mixed",2017
17,"TROTT Adam",293,17,286,17,579,8,"O","Compound","Mixed",2017
18,"ALMOND Nicole",285,19,284,18,569,6,"O","Compound","Mixed",2017
19,"HORNER Benjamin",284,20,273,19,557,5,"O","Compound","Mixed",2017
20,"REED Tom",271,21,269,20,540,7,"O","Compound","Mixed",2017
21,"HALL Abigail",266,22,265,21,531,5,"O","Compound","Mixed",2017
22,"YORK Alec",291,18,210,23,501,9,"O","Compound","Mixed",2017
23,"COTTON Alice",258,23,224,22,482,7,"O","Compound","Mixed",2017
