"Pos.","Athlete","X90.m","X.1","X70.m","X.2","X50.m","X.3","X30.m","X.4","Tot.","X10.X","X","Sex","Style","Level","Year"
1,"COBEE Paul",128,2,222,1,197,3,283,4,830,5,1,"M","Barebow","Experienced",2019
2,"HAYDAY James",149,1,145,3,205,1,301,1,800,11,1,"M","Barebow","Experienced",2019
3,"SELTER Lonja",121,3,167,2,201,2,247,6,736,5,0,"M","Barebow","Experienced",2019
4,"VAUGHAN-JACKSON |Huw",107,4,145,4,156,5,283,3,691,7,0,"M","Barebow","Experienced",2019
5,"KILGALLON Daniel",65,6,140,5,188,4,260,5,653,5,2,"M","Barebow","Experienced",2019
6,"COLTON Ashley",95,5,125,6,140,6,207,7,567,4,2,"M","Barebow","Experienced",2019
7,"BRISON Steven",49,8,94,8,85,8,284,2,512,5,0,"M","Barebow","Experienced",2019
8,"WADLOW James",53,7,98,7,67,9,192,10,410,0,0,"M","Barebow","Experienced",2019
9,"BROOKS Niall",33,9,81,9,61,10,206,8,381,5,2,"M","Barebow","Experienced",2019
10,"SHAW Elliot",16,10,57,10,98,7,166,11,337,1,0,"M","Barebow","Experienced",2019
11,"WOOD Robert",9,11,46,11,53,11,195,9,303,1,0,"M","Barebow","Experienced",2019
1,"TAYLOR Stuart",324,1,337,1,345,1,359,1,1365,88,42,"M","Compound","Experienced",2019
2,"HARPER Rhys",300,4,335,2,339,3,354,5,1328,74,21,"M","Compound","Experienced",2019
3,"EDMONDSON James",310,3,321,5,340,2,354,3,1325,71,25,"M","Compound","Experienced",2019
4,"WOODGATE Christopher",319,2,318,8,324,7,354,4,1315,59,24,"M","Compound","Experienced",2019
5,"JACKSON Tom",299,7,325,3,328,6,348,7,1300,49,17,"M","Compound","Experienced",2019
6,"ATKINSON Jack",300,5,318,6,319,9,350,6,1287,56,23,"M","Compound","Experienced",2019
7,"BOURNE Ollie",273,11,324,4,328,5,356,2,1281,59,19,"M","Compound","Experienced",2019
8,"CASSELLS Chris",287,9,295,11,338,4,348,8,1268,56,18,"M","Compound","Experienced",2019
9,"GUERIN Christopher",299,6,308,10,316,10,344,10,1267,47,16,"M","Compound","Experienced",2019
10,"POWELL Rory",284,10,314,9,323,8,341,12,1262,45,14,"M","Compound","Experienced",2019
11,"ANDERSON Ryan",295,8,318,6,294,14,340,13,1247,43,17,"M","Compound","Experienced",2019
12,"DAVIES Alexander",267,13,293,12,314,11,343,11,1217,40,19,"M","Compound","Experienced",2019
13,"JAMIESON Scott",262,14,288,13,298,13,323,16,1171,28,11,"M","Compound","Experienced",2019
14,"SCHOEPPNER Ove",247,15,257,17,307,12,345,9,1156,36,13,"M","Compound","Experienced",2019
15,"SINT NICOLAAS Daniel",272,12,272,15,257,16,331,14,1132,29,10,"M","Compound","Experienced",2019
16,"DUFFIELD Ricki",240,16,264,16,273,15,326,15,1103,18,8,"M","Compound","Experienced",2019
17,"WALKER Matt",233,17,280,14,251,17,306,17,1070,19,2,"M","Compound","Experienced",2019
18,"THOMAS Christopher",198,18,247,18,244,18,283,18,972,18,7,"M","Compound","Experienced",2019
1,"NEWNES Alex",80,1,161,1,198,1,267,1,706,7,2,"M","Longbow","Experienced",2019
2,"ANDERSON Callum",40,2,55,2,58,2,181,2,334,5,2,"M","Longbow","Experienced",2019
3,"BURRELL Mathew",38,3,42,5,53,3,167,3,300,2,1,"M","Longbow","Experienced",2019
4,"BARHAM Joe",9,4,47,3,39,4,109,4,204,1,1,"M","Longbow","Experienced",2019
5,"BROWNE Andrew",0,0,43,4,16,6,73,5,132,0,0,"M","Longbow","Experienced",2019
6,"HODGSON Ben",0,0,24,6,22,5,58,6,104,1,0,"M","Longbow","Experienced",2019
1,"COVENEY Arthur",262,1,298,2,311,1,330,11,1201,29,4,"M","Recurve","Experienced",2019
2,"BRAXTON Thomas",256,3,282,6,302,2,331,7,1171,31,8,"M","Recurve","Experienced",2019
3,"SHARPE Matthew",257,2,279,7,287,5,314,25,1137,18,3,"M","Recurve","Experienced",2019
4,"IP Sherman",235,4,300,1,254,18,337,1,1126,26,11,"M","Recurve","Experienced",2019
5,"AVINS Christopher",196,18,293,4,290,4,335,5,1114,29,8,"M","Recurve","Experienced",2019
6,"GARDINER Matthew",209,11,286,5,275,12,335,4,1105,26,9,"M","Recurve","Experienced",2019
7,"COOPER Christopher",188,24,294,3,277,10,337,2,1096,28,10,"M","Recurve","Experienced",2019
8,"LEDGERWOOD Tom",232,5,268,12,271,13,318,20,1089,21,9,"M","Recurve","Experienced",2019
9,"BECKER Joe",194,19,273,8,281,7,330,10,1078,27,5,"M","Recurve","Experienced",2019
10,"NAKO Enrik",208,12,253,18,280,8,333,6,1074,28,8,"M","Recurve","Experienced",2019
11,"JACKSON James",206,13,260,15,283,6,321,16,1070,24,12,"M","Recurve","Experienced",2019
12,"ROWE Alex",194,20,261,14,279,9,336,3,1070,17,6,"M","Recurve","Experienced",2019
13,"GARDNER James",211,10,271,9,263,15,323,15,1068,19,5,"M","Recurve","Experienced",2019
14,"VICK Jacob",231,6,258,16,242,24,317,21,1048,20,9,"M","Recurve","Experienced",2019
15,"EVANS Ben",202,15,251,19,262,17,329,12,1044,20,8,"M","Recurve","Experienced",2019
16,"JEFFS James",204,14,269,10,262,16,309,27,1044,17,6,"M","Recurve","Experienced",2019
17,"WOZENCROFT Adam",193,21,244,22,268,14,321,17,1026,12,2,"M","Recurve","Experienced",2019
18,"ARMSTRONG Sam",196,17,255,17,275,11,294,34,1020,12,6,"M","Recurve","Experienced",2019
19,"INGAMELLS William",191,22,262,13,249,19,294,33,996,10,2,"M","Recurve","Experienced",2019
20,"MACK Lewis",222,7,235,26,208,36,330,8,995,25,10,"M","Recurve","Experienced",2019
21,"PLATT Callum",199,16,240,24,214,35,330,9,983,23,7,"M","Recurve","Experienced",2019
22,"WILLIAMS Connor",212,9,220,34,246,20,296,32,974,11,2,"M","Recurve","Experienced",2019
23,"RAHMAN Jamal",150,34,251,20,245,22,325,14,971,18,7,"M","Recurve","Experienced",2019
24,"WALBY Samuel",142,38,268,11,219,34,315,23,944,13,6,"M","Recurve","Experienced",2019
25,"DEVONPORT Craig",213,8,229,27,222,30,280,44,944,6,3,"M","Recurve","Experienced",2019
26,"TSE Oliver",138,39,238,25,246,21,317,22,939,17,2,"M","Recurve","Experienced",2019
27,"YEUNG Aaron",191,23,220,35,219,33,296,31,926,15,3,"M","Recurve","Experienced",2019
28,"MONCRIEFF MACMILLAN Harry",144,37,221,32,245,23,315,24,925,13,2,"M","Recurve","Experienced",2019
29,"ATKINS Jerry",160,31,220,33,234,25,299,28,913,17,8,"M","Recurve","Experienced",2019
30,"TRIPP Joseph",179,25,228,28,228,27,274,49,909,8,3,"M","Recurve","Experienced",2019
31,"HUI Jonathan",179,25,245,21,208,37,275,48,907,9,1,"M","Recurve","Experienced",2019
32,"VANETTI Paul",174,27,225,30,186,44,319,18,904,16,5,"M","Recurve","Experienced",2019
33,"MACFARQUHAR Stuart",169,28,212,38,225,29,298,29,904,11,2,"M","Recurve","Experienced",2019
34,"WANG Samson",160,31,242,23,206,38,286,41,894,7,2,"M","Recurve","Experienced",2019
35,"LUNT Ciaran",162,30,177,47,220,32,319,19,878,18,4,"M","Recurve","Experienced",2019
36,"COLLIS Dominic",105,50,125,61,297,3,326,13,853,19,4,"M","Recurve","Experienced",2019
37,"CRAWFORD Chris",167,29,199,41,204,39,280,43,850,10,1,"M","Recurve","Experienced",2019
38,"HENFREY Callum",100,51,220,36,225,28,291,37,836,9,3,"M","Recurve","Experienced",2019
39,"TSANG Gavin",111,45,212,39,221,31,279,45,823,9,2,"M","Recurve","Experienced",2019
40,"LIKELY Matthew",159,33,223,31,154,52,276,47,812,10,9,"M","Recurve","Experienced",2019
41,"THOMSON Rogan",93,54,192,43,202,40,312,26,799,12,2,"M","Recurve","Experienced",2019
42,"FAIRWEATHER Sam",147,35,167,50,193,41,290,39,797,11,5,"M","Recurve","Experienced",2019
43,"THOMAS Huw",130,40,228,28,161,50,273,52,792,4,0,"M","Recurve","Experienced",2019
44,"SILALE Augustinas",128,43,213,37,156,51,291,36,788,11,2,"M","Recurve","Experienced",2019
45,"COX Peter",129,42,187,44,169,48,293,35,778,5,1,"M","Recurve","Experienced",2019
46,"HAIGH Robert",129,41,186,45,164,49,298,30,777,9,1,"M","Recurve","Experienced",2019
47,"BUTLER Matt",145,36,161,53,182,45,265,54,753,9,1,"M","Recurve","Experienced",2019
48,"RAUN Isaac",117,44,166,51,190,43,274,50,747,7,2,"M","Recurve","Experienced",2019
49,"DIEP Jamie",75,59,140,56,229,26,291,38,735,9,2,"M","Recurve","Experienced",2019
50,"LOW Lucas",83,56,193,42,178,46,278,46,732,10,2,"M","Recurve","Experienced",2019
51,"PRICE David",108,47,204,40,149,55,271,53,732,5,3,"M","Recurve","Experienced",2019
52,"WOOLLEY Alex",109,46,164,52,192,42,257,57,722,3,2,"M","Recurve","Experienced",2019
53,"NEWMAN Harry",107,49,183,46,150,54,263,55,703,4,1,"M","Recurve","Experienced",2019
54,"BLACK William",100,51,154,54,153,53,284,42,691,5,1,"M","Recurve","Experienced",2019
55,"BOULBY Daniel",59,61,130,58,173,47,289,40,651,4,2,"M","Recurve","Experienced",2019
56,"VINEY Christopher",108,48,168,48,136,57,235,59,647,5,3,"M","Recurve","Experienced",2019
57,"TRIGG Elliott",90,55,168,49,141,56,228,61,627,8,3,"M","Recurve","Experienced",2019
58,"MCDERMID James",66,60,130,58,121,60,273,51,590,6,1,"M","Recurve","Experienced",2019
59,"SPENCER Robert",80,58,95,62,130,58,258,56,563,3,0,"M","Recurve","Experienced",2019
60,"STEPTOE Charlie",83,56,137,57,96,61,247,58,563,2,0,"M","Recurve","Experienced",2019
61,"SAMWAYS George",45,62,127,60,123,59,235,59,530,5,3,"M","Recurve","Experienced",2019
62,"DUDLEY Josh",100,51,148,55,0,0,0,0,248,0,0,"M","Recurve","Experienced",2019
1,"CROYDON William",174,1,191,2,169,3,298,1,832,14,2,"M","Barebow","Experienced",2018
2,"SELTER Lonja",93,4,179,3,229,1,288,2,789,11,3,"M","Barebow","Experienced",2018
3,"ARMSTRONG Will",97,3,198,1,193,2,278,3,766,10,3,"M","Barebow","Experienced",2018
4,"PATTINSON Liam",107,2,141,5,164,4,249,4,661,7,4,"M","Barebow","Experienced",2018
5,"JAMESON Damian",75,5,164,4,135,5,226,6,600,1,0,"M","Barebow","Experienced",2018
6,"LA VALLIN Tom",71,6,86,9,130,6,235,5,522,3,0,"M","Barebow","Experienced",2018
7,"MCGRATH John",38,9,92,7,115,7,224,7,469,2,1,"M","Barebow","Experienced",2018
8,"MACKENZIE Connor",31,10,118,6,75,8,224,8,448,3,0,"M","Barebow","Experienced",2018
9,"BROWNE Andrew",54,7,92,7,68,10,218,9,432,2,1,"M","Barebow","Experienced",2018
10,"WOOLLARD Michael",6,12,82,10,60,11,178,11,326,3,1,"M","Barebow","Experienced",2018
11,"ROACH Arren",42,8,82,10,21,12,180,10,325,1,1,"M","Barebow","Experienced",2018
12,"WOOD Robert",25,11,28,12,70,9,170,12,293,0,0,"M","Barebow","Experienced",2018
1,"REES Sam",320,1,325,1,320,5,356,1,1321,66,24,"M","Compound","Experienced",2018
2,"TUCKNOTT Pip",308,3,313,4,328,1,353,3,1302,50,27,"M","Compound","Experienced",2018
3,"CASSELLS Chris",308,2,311,5,321,3,354,2,1294,67,25,"M","Compound","Experienced",2018
4,"BROOKES Andrew",300,4,316,2,316,6,348,5,1280,36,13,"M","Compound","Experienced",2018
5,"JACKSON Timothy",291,6,315,3,321,4,342,8,1269,44,12,"M","Compound","Experienced",2018
6,"HARPER Rhys",297,5,307,7,312,7,344,7,1260,39,16,"M","Compound","Experienced",2018
7,"EDMONDSON James",277,9,306,8,322,2,338,12,1243,45,12,"M","Compound","Experienced",2018
8,"BOURNE Ollie",275,10,310,6,311,8,344,6,1240,44,17,"M","Compound","Experienced",2018
9,"BRENNAN Chris",279,7,289,13,310,9,341,11,1219,32,17,"M","Compound","Experienced",2018
10,"JAMIESON Scott",270,11,295,10,307,10,332,14,1204,34,13,"M","Compound","Experienced",2018
11,"GUERIN Christopher",278,8,291,12,287,15,342,8,1198,35,12,"M","Compound","Experienced",2018
12,"THOMAS Ieuan",264,13,303,9,275,16,348,4,1190,42,10,"M","Compound","Experienced",2018
13,"YORK Alec",266,12,273,18,300,11,331,16,1170,32,11,"M","Compound","Experienced",2018
14,"TROTT Adam",260,14,282,16,291,13,329,18,1162,24,9,"M","Compound","Experienced",2018
15,"PEAKE Ciaron",235,20,279,17,296,12,342,8,1152,28,6,"M","Compound","Experienced",2018
16,"JACKSON Tom",241,17,294,11,274,17,337,13,1146,31,8,"M","Compound","Experienced",2018
17,"LOGAN Alexander",237,18,288,14,268,18,332,15,1125,21,4,"M","Compound","Experienced",2018
18,"GUO Ziheng",247,15,256,20,289,14,330,17,1122,27,11,"M","Compound","Experienced",2018
19,"CONLON Michael",246,16,282,15,256,19,298,22,1082,23,10,"M","Compound","Experienced",2018
20,"WALKER Matt",234,21,251,22,238,21,302,20,1025,10,0,"M","Compound","Experienced",2018
21,"HORNER Benjamin",236,19,252,21,217,22,301,21,1006,11,3,"M","Compound","Experienced",2018
22,"DUFFIELD Ricki",168,22,260,19,251,20,316,19,995,20,7,"M","Compound","Experienced",2018
1,"NEWNES Alex",135,1,200,1,199,1,267,1,801,10,3,"M","Longbow","Experienced",2018
2,"BARHAM Joe",19,3,101,2,110,2,186,2,416,0,0,"M","Longbow","Experienced",2018
3,"TRIPP Joseph",41,2,86,3,77,3,136,3,340,1,1,"M","Longbow","Experienced",2018
4,"ANDERSON Callum",2,4,28,4,28,4,78,4,136,1,1,"M","Longbow","Experienced",2018
1,"HALL Tom",284,1,314,1,326,1,347,1,1271,48,17,"M","Recurve","Experienced",2018
2,"HALL Conor",270,4,299,3,301,4,340,2,1210,29,11,"M","Recurve","Experienced",2018
3,"COVENEY Arthur",272,2,294,4,305,3,325,8,1196,28,9,"M","Recurve","Experienced",2018
4,"VICK Jacob",241,14,303,2,293,5,330,5,1167,27,8,"M","Recurve","Experienced",2018
5,"IP Sherman",270,3,284,7,287,7,314,24,1155,20,6,"M","Recurve","Experienced",2018
6,"MAESFIELD Jack",259,7,272,15,288,6,335,3,1154,31,5,"M","Recurve","Experienced",2018
7,"O'CONNELL Chris",260,6,283,8,284,10,327,7,1154,21,9,"M","Recurve","Experienced",2018
8,"RAHMAN Jamal",247,11,292,5,269,17,335,4,1143,24,9,"M","Recurve","Experienced",2018
9,"PIKE William",250,9,268,20,284,9,321,12,1123,21,7,"M","Recurve","Experienced",2018
10,"EBERZ Simon",254,8,265,24,277,13,312,27,1108,23,10,"M","Recurve","Experienced",2018
11,"AVINS Christopher",236,16,267,22,282,11,321,11,1106,20,8,"M","Recurve","Experienced",2018
12,"NAKO Enrik",237,15,270,17,272,16,324,10,1103,22,9,"M","Recurve","Experienced",2018
13,"TRUDGILL Ben",264,5,268,19,256,27,313,26,1101,18,6,"M","Recurve","Experienced",2018
14,"GARDINER Matthew",213,30,258,30,307,2,320,13,1098,24,9,"M","Recurve","Experienced",2018
15,"SHARPE Matthew",242,13,279,9,282,12,292,51,1095,10,2,"M","Recurve","Experienced",2018
16,"COOPER Christopher",222,25,290,6,257,24,325,8,1094,21,4,"M","Recurve","Experienced",2018
17,"JOHNSTONE Andy",235,18,267,21,285,8,305,38,1092,17,4,"M","Recurve","Experienced",2018
18,"JEFFS James",236,17,270,18,259,22,327,6,1092,13,4,"M","Recurve","Experienced",2018
19,"GOLDSACK Alex",234,20,266,23,268,19,310,29,1078,16,5,"M","Recurve","Experienced",2018
20,"GARDNER James",242,12,249,40,269,18,316,22,1076,18,3,"M","Recurve","Experienced",2018
21,"SMITH Andrew",249,10,251,36,253,30,319,16,1072,17,7,"M","Recurve","Experienced",2018
22,"COLLIS Dominic",233,21,263,27,261,21,309,31,1066,16,3,"M","Recurve","Experienced",2018
23,"LEDGERWOOD Tom",225,23,276,13,249,33,316,21,1066,13,4,"M","Recurve","Experienced",2018
24,"FOO CHUAN WEN Russell",208,36,256,31,275,14,317,19,1056,10,8,"M","Recurve","Experienced",2018
25,"ARMSTRONG Sam",221,26,278,10,254,29,301,44,1054,15,5,"M","Recurve","Experienced",2018
26,"FREARSON Luke",216,29,251,37,264,20,316,20,1047,15,3,"M","Recurve","Experienced",2018
27,"JACKSON James",208,35,277,12,238,41,320,15,1043,15,5,"M","Recurve","Experienced",2018
28,"RICHARDSON David",190,43,278,11,258,23,316,23,1042,17,4,"M","Recurve","Experienced",2018
29,"HURDLE Ollie",207,37,250,39,257,26,320,14,1034,13,4,"M","Recurve","Experienced",2018
30,"MONCRIEFF MACMILLAN Harry",218,28,251,35,256,28,308,33,1033,13,4,"M","Recurve","Experienced",2018
31,"SILALE Augustinas",197,42,273,14,244,36,318,17,1032,19,6,"M","Recurve","Experienced",2018
32,"ROWE Alex",211,32,254,33,252,31,311,28,1028,21,9,"M","Recurve","Experienced",2018
33,"WOZENCROFT Adam",225,24,246,42,243,37,313,25,1027,18,3,"M","Recurve","Experienced",2018
34,"BANKS Adam",219,27,264,25,249,32,283,57,1015,13,4,"M","Recurve","Experienced",2018
35,"EVANS Ben",189,44,260,29,248,34,305,39,1002,15,6,"M","Recurve","Experienced",2018
36,"DEVONPORT Craig",234,19,272,16,230,42,258,68,994,12,1,"M","Recurve","Experienced",2018
37,"BRAXTON Tom",164,55,262,28,257,25,310,30,993,10,2,"M","Recurve","Experienced",2018
38,"PADMANAABHAN Seshashayan",208,34,233,45,238,40,306,36,985,19,2,"M","Recurve","Experienced",2018
39,"TSE Oliver",204,40,224,51,239,39,317,18,984,13,3,"M","Recurve","Experienced",2018
40,"MIDDLETON Phil",232,22,263,26,215,51,264,62,974,13,7,"M","Recurve","Experienced",2018
41,"BOTT Thomas",210,33,252,34,217,49,289,54,968,11,4,"M","Recurve","Experienced",2018
42,"DIEP Jamie",170,52,217,54,272,15,294,49,953,16,6,"M","Recurve","Experienced",2018
43,"EVANS Malachy",212,31,213,56,239,38,288,55,952,9,1,"M","Recurve","Experienced",2018
44,"LIKELY Matthew",152,58,243,43,248,35,307,34,950,17,6,"M","Recurve","Experienced",2018
45,"INGAMELLS William",179,49,233,45,227,44,306,37,945,13,7,"M","Recurve","Experienced",2018
46,"TSANG Gavin",173,51,255,32,217,48,289,52,934,15,9,"M","Recurve","Experienced",2018
47,"MILLER Jack",187,46,232,47,205,54,305,40,929,9,3,"M","Recurve","Experienced",2018
48,"SMEATON Jack",184,47,248,41,200,56,295,48,927,9,3,"M","Recurve","Experienced",2018
49,"BOULBY Daniel",204,39,195,62,223,45,303,42,925,17,5,"M","Recurve","Experienced",2018
50,"AVOURIS Evripidis",167,53,238,44,216,50,300,46,921,9,3,"M","Recurve","Experienced",2018
51,"VANETTI Paul",187,45,250,38,177,62,304,41,918,9,3,"M","Recurve","Experienced",2018
52,"PETRYSHCHE Dmytro",132,63,231,50,229,43,309,32,901,13,5,"M","Recurve","Experienced",2018
53,"LUNT Ciaran",202,41,218,53,183,60,271,60,874,10,1,"M","Recurve","Experienced",2018
54,"MACFARQUHAR Stuart",183,48,208,58,180,61,295,47,866,10,3,"M","Recurve","Experienced",2018
55,"CANHAM Luke",107,69,231,49,220,46,307,35,865,14,4,"M","Recurve","Experienced",2018
56,"WALBY Samuel",134,61,215,55,214,52,302,43,865,8,2,"M","Recurve","Experienced",2018
57,"RAHMAN KHAN Arfan",206,38,206,59,186,58,261,67,859,8,3,"M","Recurve","Experienced",2018
58,"ATKINSON Jack",126,65,222,52,206,53,266,61,820,6,4,"M","Recurve","Experienced",2018
59,"TOWLER Nathan",114,66,231,48,220,47,249,72,814,7,0,"M","Recurve","Experienced",2018
60,"WILLIAMS Connor",164,54,178,66,169,65,289,53,800,8,2,"M","Recurve","Experienced",2018
61,"DAVID Matthew",177,50,165,69,149,69,279,58,770,4,0,"M","Recurve","Experienced",2018
62,"HAYCOCKS Jake",135,60,201,61,170,64,257,69,763,6,1,"M","Recurve","Experienced",2018
63,"NEWMAN Harry",155,56,212,57,138,70,254,70,759,9,1,"M","Recurve","Experienced",2018
64,"BANNON Alan",153,57,153,71,151,68,293,50,750,6,2,"M","Recurve","Experienced",2018
65,"SCHOLTZ David",138,59,183,63,126,71,300,45,747,12,7,"M","Recurve","Experienced",2018
66,"LOW Lucas",109,68,202,60,197,57,239,73,747,6,3,"M","Recurve","Experienced",2018
67,"FAIRWEATHER Sam",134,61,166,68,165,66,279,59,744,6,2,"M","Recurve","Experienced",2018
68,"BUTLER Matt",89,71,183,63,185,59,287,56,744,3,0,"M","Recurve","Experienced",2018
69,"CHARKSELIANI Konstantin",112,67,178,67,173,63,263,65,726,7,1,"M","Recurve","Experienced",2018
70,"TRIGG Elliott",72,73,154,70,204,55,262,66,692,6,3,"M","Recurve","Experienced",2018
71,"WOOLLEY Alex",127,64,180,65,118,73,264,63,689,3,2,"M","Recurve","Experienced",2018
72,"MCDERMID James",85,72,119,73,163,67,264,63,631,3,1,"M","Recurve","Experienced",2018
73,"CRAWFORD Chris",93,70,127,72,121,72,250,71,591,1,0,"M","Recurve","Experienced",2018
1,"COBEE Paul",165,1,222,1,200,1,270,2,857,6,1,"M","Barebow","Experienced",2017
2,"ARMSTRONG Will",127,2,178,3,149,7,263,3,717,4,0,"M","Barebow","Experienced",2017
3,"HARTFIELD Ollie",103,5,179,2,186,2,242,9,710,2,0,"M","Barebow","Experienced",2017
4,"PRIESTLEY David",104,4,146,4,126,10,261,4,637,4,3,"M","Barebow","Experienced",2017
5,"GORDON Jon",68,9,139,6,167,5,248,6,622,4,1,"M","Barebow","Experienced",2017
6,"PATTINSON Liam",36,15,112,10,171,3,282,1,601,8,2,"M","Barebow","Experienced",2017
7,"THOMAS Samuel",95,6,109,11,149,6,248,7,601,4,0,"M","Barebow","Experienced",2017
8,"MCEWAN Craig",79,7,135,7,170,4,202,12,586,5,1,"M","Barebow","Experienced",2017
9,"LA VALLIN Tom",60,11,126,8,138,8,256,5,580,3,0,"M","Barebow","Experienced",2017
10,"USHER SMITH Willie",57,12,119,9,127,9,248,7,551,2,0,"M","Barebow","Experienced",2017
11,"MCGRATH John",74,8,140,5,99,11,217,10,530,4,0,"M","Barebow","Experienced",2017
12,"BROWN Alex",105,3,101,12,47,15,183,13,436,1,0,"M","Barebow","Experienced",2017
13,"TAYLOR Juhani",64,10,95,13,75,13,175,14,409,0,0,"M","Barebow","Experienced",2017
14,"BROWNE Andrew",46,13,50,14,98,12,207,11,401,1,0,"M","Barebow","Experienced",2017
15,"ROACH Arren",42,14,50,14,68,14,169,15,329,0,0,"M","Barebow","Experienced",2017
1,"BROOKES Andrew",309,2,326,1,323,2,352,1,1310,56,22,"M","Compound","Experienced",2017
2,"TUCKNOTT Pip",295,7,319,4,323,1,351,2,1288,55,17,"M","Compound","Experienced",2017
3,"TAYLOR Stuart",313,1,315,5,313,8,342,11,1283,46,19,"M","Compound","Experienced",2017
4,"CASSELLS Chris",286,12,322,2,318,5,349,3,1275,48,16,"M","Compound","Experienced",2017
5,"TAYLOR Thomas",296,5,322,3,306,12,346,6,1270,45,18,"M","Compound","Experienced",2017
6,"REES Sam",300,3,302,11,320,3,345,8,1267,45,18,"M","Compound","Experienced",2017
7,"MORRIS Richard",293,8,308,10,317,7,342,9,1260,46,19,"M","Compound","Experienced",2017
8,"BOURNE Oliver",295,6,309,8,313,8,342,10,1259,42,12,"M","Compound","Experienced",2017
9,"MOORE Joshua",289,10,313,6,317,6,337,13,1256,43,22,"M","Compound","Experienced",2017
10,"BRENNAN Chris",298,4,293,14,309,11,347,5,1247,39,11,"M","Compound","Experienced",2017
11,"EDMONDSON James",286,11,309,7,303,13,347,4,1245,45,16,"M","Compound","Experienced",2017
12,"DAVIS Will",283,13,308,9,318,4,336,14,1245,37,14,"M","Compound","Experienced",2017
13,"GUO Ziheng",291,9,284,16,312,10,345,7,1232,39,9,"M","Compound","Experienced",2017
14,"JAMIESON Scott",255,17,298,12,285,15,338,12,1176,30,12,"M","Compound","Experienced",2017
15,"DAVIES Alexander",259,16,293,13,268,18,328,17,1148,23,8,"M","Compound","Experienced",2017
16,"PEAKE Ciaron",266,15,259,18,284,16,335,15,1144,25,6,"M","Compound","Experienced",2017
17,"TROTT Adam",250,19,259,19,302,14,331,16,1142,16,3,"M","Compound","Experienced",2017
18,"HORNER Benjamin",279,14,285,15,234,20,311,19,1109,29,9,"M","Compound","Experienced",2017
19,"REED Tom",244,20,266,17,269,17,327,18,1106,21,5,"M","Compound","Experienced",2017
20,"YORK Alec",251,18,238,20,260,19,294,20,1043,20,8,"M","Compound","Experienced",2017
1,"NEWNES Alex",113,1,149,1,158,1,275,1,695,8,2,"M","Longbow","Experienced",2017
2,"PIKE Edward",104,2,64,2,88,2,225,2,481,3,0,"M","Longbow","Experienced",2017
3,"MURAWSKI James",16,3,57,3,60,3,125,3,258,1,0,"M","Longbow","Experienced",2017
1,"HURBAN Vlado",253,4,301,2,300,2,344,1,1198,36,6,"M","Recurve","Experienced",2017
2,"MAESFIELD Jack",252,6,311,1,296,3,330,5,1189,30,8,"M","Recurve","Experienced",2017
3,"COVENEY Arthur",254,3,292,4,292,4,335,3,1173,30,9,"M","Recurve","Experienced",2017
4,"MATZKIN Guy",245,8,297,3,288,7,340,2,1170,33,8,"M","Recurve","Experienced",2017
5,"IP Sherman",239,11,269,14,302,1,327,7,1137,36,8,"M","Recurve","Experienced",2017
6,"HODGKINSON Alec",242,9,285,6,278,10,332,4,1137,26,5,"M","Recurve","Experienced",2017
7,"WOZENCROFT Adam",252,5,285,7,275,11,321,12,1133,22,8,"M","Recurve","Experienced",2017
8,"BERTI Francis",236,13,281,8,289,5,325,9,1131,22,6,"M","Recurve","Experienced",2017
9,"GRAY Rob",233,15,287,5,279,8,329,6,1128,29,12,"M","Recurve","Experienced",2017
10,"TRUDGILL Ben",239,12,265,15,289,6,321,12,1114,20,5,"M","Recurve","Experienced",2017
11,"JEFFS James",249,7,271,13,253,22,322,10,1095,27,5,"M","Recurve","Experienced",2017
12,"AVINS Christopher",241,10,274,11,259,18,318,16,1092,18,7,"M","Recurve","Experienced",2017
13,"COLLIS Dominic",232,16,279,9,263,16,317,18,1091,22,9,"M","Recurve","Experienced",2017
14,"EBERZ Simon",234,14,262,18,269,14,326,8,1091,17,6,"M","Recurve","Experienced",2017
15,"TAYLOR Harry",229,18,259,20,279,8,311,23,1078,19,5,"M","Recurve","Experienced",2017
16,"MIDDLETON Phil",254,1,250,28,243,25,317,17,1064,21,5,"M","Recurve","Experienced",2017
17,"LITTLECHILD Rob",221,19,264,17,261,17,310,24,1056,12,2,"M","Recurve","Experienced",2017
18,"NAKO Enrik",254,2,261,19,238,29,301,33,1054,18,6,"M","Recurve","Experienced",2017
19,"WILSON Tom",205,25,265,16,270,12,313,21,1053,15,6,"M","Recurve","Experienced",2017
20,"PEERS Adam",214,23,237,32,264,15,320,14,1035,19,7,"M","Recurve","Experienced",2017
21,"AVOURIS Evripidis",230,17,256,22,242,27,300,34,1028,16,3,"M","Recurve","Experienced",2017
22,"BORRILL Jonathan",219,21,254,23,235,31,319,15,1027,24,8,"M","Recurve","Experienced",2017
23,"RAHMAN Jamal",221,19,247,30,235,32,302,32,1005,14,3,"M","Recurve","Experienced",2017
24,"WILLIAMS Harry",201,28,253,24,245,24,305,29,1004,16,3,"M","Recurve","Experienced",2017
25,"SHAW David",164,51,272,12,242,26,321,11,999,15,2,"M","Recurve","Experienced",2017
26,"GARDINER Matthew",184,41,278,10,220,39,315,19,997,20,9,"M","Recurve","Experienced",2017
27,"SHARPE Matthew",204,26,223,46,269,13,300,35,996,14,1,"M","Recurve","Experienced",2017
28,"SARTAIN Adam",176,45,252,25,256,20,304,30,988,12,1,"M","Recurve","Experienced",2017
29,"DEVONPORT Craig",202,27,251,27,233,33,299,36,985,14,2,"M","Recurve","Experienced",2017
30,"THOMPSON Leo",191,32,258,21,221,37,311,22,981,13,4,"M","Recurve","Experienced",2017
31,"CRITCHER Matt",186,39,229,37,256,21,303,31,974,13,4,"M","Recurve","Experienced",2017
32,"CROALL Josh",194,31,251,26,236,30,287,43,968,9,3,"M","Recurve","Experienced",2017
33,"PEARCE Hugh",187,34,229,36,240,28,309,25,965,15,4,"M","Recurve","Experienced",2017
34,"YIM Richard",187,36,221,47,258,19,298,37,964,13,4,"M","Recurve","Experienced",2017
35,"RICHARDSON David",187,38,228,38,231,34,308,27,954,13,4,"M","Recurve","Experienced",2017
36,"WILSON Jordan",200,30,231,34,226,35,296,38,953,16,4,"M","Recurve","Experienced",2017
37,"WILLIAMS David",215,22,226,42,223,36,286,45,950,6,0,"M","Recurve","Experienced",2017
38,"IVES Matthew",187,34,223,45,247,23,273,54,930,12,3,"M","Recurve","Experienced",2017
39,"SILALE Augustinas",155,53,247,29,215,42,308,26,925,15,5,"M","Recurve","Experienced",2017
40,"JACKSON James",180,42,224,44,195,51,315,20,914,13,4,"M","Recurve","Experienced",2017
41,"TANG Quentin",165,50,243,31,194,52,305,28,907,11,5,"M","Recurve","Experienced",2017
42,"MACFARQUHAR Stuart",185,40,236,33,215,42,267,55,903,12,5,"M","Recurve","Experienced",2017
43,"EVANS Ben",171,46,228,39,205,46,294,39,898,9,4,"M","Recurve","Experienced",2017
44,"MILLER Jack",201,29,206,57,189,53,292,41,888,12,3,"M","Recurve","Experienced",2017
45,"BURLINGTON Todd",179,43,217,52,197,50,289,42,882,9,4,"M","Recurve","Experienced",2017
46,"LAKHIANI Harry",162,52,227,40,207,45,266,56,862,9,2,"M","Recurve","Experienced",2017
47,"JENNER Dave",187,36,220,48,197,49,247,62,851,7,2,"M","Recurve","Experienced",2017
48,"KUSUYAMA Riki",179,44,217,51,201,48,251,59,848,9,2,"M","Recurve","Experienced",2017
49,"DAVID Matthew",169,47,209,54,216,41,250,60,844,8,2,"M","Recurve","Experienced",2017
50,"ATKINSON Jack",133,57,203,58,212,44,277,51,825,9,4,"M","Recurve","Experienced",2017
51,"BUTLER Matt",127,59,212,53,220,38,265,57,824,10,2,"M","Recurve","Experienced",2017
52,"TSANG Gavin",166,48,218,50,143,61,282,48,809,5,1,"M","Recurve","Experienced",2017
53,"WOODHEAD Christopher",211,24,209,55,140,62,247,63,807,11,6,"M","Recurve","Experienced",2017
54,"JACKSON Timothy",165,49,230,35,178,56,225,66,798,4,1,"M","Recurve","Experienced",2017
55,"PEERS Matthew",103,65,179,62,218,40,294,40,794,7,2,"M","Recurve","Experienced",2017
56,"EVANS Malachy",132,58,168,64,205,46,279,49,784,5,3,"M","Recurve","Experienced",2017
57,"WELLMAN Matthew",104,64,226,41,173,57,277,52,780,9,2,"M","Recurve","Experienced",2017
58,"WILLIAMS Connor",136,55,225,43,130,64,278,50,769,6,2,"M","Recurve","Experienced",2017
59,"SPRING Sam",122,61,207,56,178,55,250,60,757,6,1,"M","Recurve","Experienced",2017
60,"NEWMAN Harry",135,56,189,60,148,60,275,53,747,5,1,"M","Recurve","Experienced",2017
61,"WILSON Nicholas",188,33,220,49,108,67,224,67,740,5,2,"M","Recurve","Experienced",2017
62,"GOODLIFFE Jamie",151,54,201,59,151,58,236,65,739,2,0,"M","Recurve","Experienced",2017
63,"CRAWFORD Chris",119,62,152,65,178,54,287,44,736,7,2,"M","Recurve","Experienced",2017
64,"CASEY Colin",107,63,180,61,149,59,284,47,720,3,0,"M","Recurve","Experienced",2017
65,"CHEN Alex",127,60,173,63,140,63,242,64,682,3,0,"M","Recurve","Experienced",2017
66,"GREEN Joshua",60,67,120,66,113,65,284,46,577,5,1,"M","Recurve","Experienced",2017
67,"WIGNARAJAH Hesan",81,66,62,67,112,66,251,58,506,4,2,"M","Recurve","Experienced",2017
