"Pos.","Athlete","X70.m","X.1","X60.m","X.2","X50.m","X.3","X30,m","X.4","Tot.","X10.X","X","Sex","Style","Level","Year"
1,"MOON Sarah",334,1,340,2,340,3,355,2,1369,85,39,"W","Compound","Experienced",2019
2,"GREENWOOD Hope",331,3,340,1,340,2,358,1,1369,83,30,"W","Compound","Experienced",2019
3,"MARTEL Beth",331,2,338,3,340,1,349,3,1358,77,34,"W","Compound","Experienced",2019
4,"STEWART Josephine",297,6,313,4,305,6,337,8,1252,39,13,"W","Compound","Experienced",2019
5,"ABRAHAM Kara",270,9,305,5,306,4,343,4,1224,39,17,"W","Compound","Experienced",2019
6,"LENNON Rebecca",304,4,290,6,291,7,337,7,1222,30,11,"W","Compound","Experienced",2019
7,"ROGERS Taylor",288,7,275,9,305,5,343,5,1211,37,15,"W","Compound","Experienced",2019
8,"ALMOND Nicole",276,8,276,8,283,8,335,9,1170,26,9,"W","Compound","Experienced",2019
9,"MARSH Jordanna",301,5,279,7,268,10,305,11,1153,26,9,"W","Compound","Experienced",2019
10,"POULTON Emma",261,10,268,10,280,9,338,6,1147,26,11,"W","Compound","Experienced",2019
11,"ECKLES Rebecca",213,11,207,11,222,11,317,10,959,14,4,"W","Compound","Experienced",2019
1,"HERMAN Alex",281,1,287,1,269,1,333,1,1170,25,12,"M","Compound","Novice",2019
1,"DUTHIE Beth",33,2,37,2,63,1,199,1,332,4,0,"W","Longbow","Experienced",2019
2,"KING Emma",36,1,49,1,48,2,100,2,233,0,0,"W","Longbow","Experienced",2019
3,"JONES Georgiana",17,3,5,3,19,3,85,3,126,0,0,"W","Longbow","Experienced",2019
1,"PEREZ Rodolfo",46,1,41,1,51,1,99,1,237,1,1,"M","Longbow","Novice",2019
1,"NILSSON Jessica",223,1,260,1,235,1,306,1,1024,16,6,"W","Barebow","Experienced",2019
2,"BOARDMAN Suzannah",194,2,227,2,185,2,274,3,880,8,5,"W","Barebow","Experienced",2019
3,"HUTCHINSON Laura",157,3,184,3,163,4,247,6,751,4,0,"W","Barebow","Experienced",2019
4,"SCHULZ Malin",148,4,161,5,169,3,272,4,750,6,0,"W","Barebow","Experienced",2019
5,"COLE Amy",132,5,135,7,134,6,235,7,636,3,0,"W","Barebow","Experienced",2019
6,"OSMAN Rachel",94,9,166,4,104,10,258,5,622,3,1,"W","Barebow","Experienced",2019
7,"CALLAGHAN Kimberley",112,6,122,8,114,9,217,10,565,1,1,"W","Barebow","Experienced",2019
8,"NACCARRATO Eleanor",85,10,109,10,129,7,234,8,557,3,0,"W","Barebow","Experienced",2019
9,"TIPPETT Claudia",42,15,74,17,136,5,277,2,529,3,1,"W","Barebow","Experienced",2019
10,"MANTON Lauren",82,11,90,15,119,8,227,9,518,4,0,"W","Barebow","Experienced",2019
11,"QUILANG Princess Ann",103,8,121,9,101,11,178,14,503,4,0,"W","Barebow","Experienced",2019
12,"ELGEY Amelia",110,7,145,6,63,15,175,15,493,1,0,"W","Barebow","Experienced",2019
13,"HEPBURN Eloise",42,15,93,13,69,13,213,11,417,0,0,"W","Barebow","Experienced",2019
14,"LO Yueh-Chia",48,13,96,12,67,14,188,13,399,0,0,"W","Barebow","Experienced",2019
15,"BRAIN Sophie",59,12,92,14,47,18,191,12,389,1,1,"W","Barebow","Experienced",2019
16,"PERCIVAL Sophie",44,14,101,11,59,16,170,16,374,3,1,"W","Barebow","Experienced",2019
17,"VASEY Rebecca",22,17,77,16,77,12,131,17,307,0,0,"W","Barebow","Experienced",2019
18,"WHYTE Heather",10,18,66,18,55,17,130,18,261,0,0,"W","Barebow","Experienced",2019
1,"HAYES Haydn",155,2,158,2,133,3,274,2,720,6,4,"M","Barebow","Novice",2019
2,"PRETTYMAN Sam",153,3,140,3,147,2,231,4,671,8,2,"M","Barebow","Novice",2019
3,"VAN VELZEN Rens",126,4,161,1,118,4,249,3,654,3,2,"M","Barebow","Novice",2019
4,"HUTCHINSON Ben",91,5,135,4,148,1,279,1,653,7,2,"M","Barebow","Novice",2019
5,"DELEE Chris",198,1,127,5,110,5,176,6,611,3,0,"M","Barebow","Novice",2019
6,"TOMECEK Marek",57,7,124,6,95,6,141,7,417,2,1,"M","Barebow","Novice",2019
7,"TANKARD Adam",69,6,43,7,86,7,182,5,380,2,0,"M","Barebow","Novice",2019
1,"PIPER Eleanor",287,1,310,2,303,1,335,2,1235,37,13,"W","Recurve","Experienced",2019
2,"DAVIS Emma",285,2,281,5,283,2,336,1,1185,21,5,"W","Recurve","Experienced",2019
3,"TIPPING Rebekah",276,3,296,3,282,3,329,4,1183,24,9,"W","Recurve","Experienced",2019
4,"JONES Ellen",266,4,312,1,273,6,325,5,1176,27,6,"W","Recurve","Experienced",2019
5,"MEYER Johanna",258,6,287,4,280,4,314,7,1139,31,5,"W","Recurve","Experienced",2019
6,"BURTON Robin",238,12,273,7,278,5,306,11,1095,20,4,"W","Recurve","Experienced",2019
7,"PASCALL Monique",258,7,272,9,244,8,318,6,1092,17,7,"W","Recurve","Experienced",2019
8,"BURNAGE Hannah",264,5,272,8,235,10,311,8,1082,20,8,"W","Recurve","Experienced",2019
9,"ALLAWAY Sarah",236,14,278,6,237,9,299,14,1050,11,3,"W","Recurve","Experienced",2019
10,"TAYLOR Pip",187,25,259,12,268,7,333,3,1047,21,6,"W","Recurve","Experienced",2019
11,"KELSEY Harriet",238,11,248,15,217,13,308,10,1011,20,5,"W","Recurve","Experienced",2019
12,"WOODCOCK-DEXTER Bethany",221,17,266,11,208,15,305,12,1000,15,5,"W","Recurve","Experienced",2019
13,"LIM Cassandra",238,13,251,14,217,14,289,18,995,9,1,"W","Recurve","Experienced",2019
14,"EDGELEY Ffion",251,8,240,16,226,11,275,23,992,15,1,"W","Recurve","Experienced",2019
15,"LIU Xin",230,15,236,18,202,16,310,9,978,15,3,"W","Recurve","Experienced",2019
16,"DESAI Surabhi",218,18,251,13,221,12,282,20,972,11,2,"W","Recurve","Experienced",2019
17,"EVANS Bethany",244,9,268,10,202,17,257,28,971,17,5,"W","Recurve","Experienced",2019
18,"GOODWIN Sophie",227,16,231,21,189,20,293,17,940,17,3,"W","Recurve","Experienced",2019
19,"TITTERINGTON Amy",200,23,228,24,199,18,297,15,924,8,1,"W","Recurve","Experienced",2019
20,"NOBLE Phoebe",217,19,229,22,193,19,275,24,914,5,1,"W","Recurve","Experienced",2019
21,"CLAPKA Joanna",215,20,178,29,181,21,302,13,876,12,5,"W","Recurve","Experienced",2019
22,"WATTS Jessica",206,22,232,20,160,26,276,22,874,11,2,"W","Recurve","Experienced",2019
23,"GILL Emily",206,21,238,17,171,22,251,31,866,8,3,"W","Recurve","Experienced",2019
24,"BLADES Alys",243,10,195,26,156,27,267,26,861,8,1,"W","Recurve","Experienced",2019
25,"ELMER Elizabeth",169,28,233,19,170,24,284,19,856,13,4,"W","Recurve","Experienced",2019
26,"SOU Li",150,31,229,23,170,23,252,30,801,5,2,"W","Recurve","Experienced",2019
27,"HURLE Rachael",180,26,182,28,145,28,270,25,777,11,0,"W","Recurve","Experienced",2019
28,"CUSWORTH Rebecca",107,35,215,25,166,25,278,21,766,8,3,"W","Recurve","Experienced",2019
29,"CAULTON Nina",152,30,177,30,138,30,293,16,760,11,5,"W","Recurve","Experienced",2019
30,"MALLINSON Laura",93,37,189,27,143,29,264,27,689,6,2,"W","Recurve","Experienced",2019
31,"SLOCOMBE Felicity",130,33,155,35,120,31,255,29,660,2,1,"W","Recurve","Experienced",2019
32,"BRAND Emma",124,34,165,32,105,32,244,32,638,5,3,"W","Recurve","Experienced",2019
33,"MARKS Kerry",170,27,161,33,52,35,230,33,613,7,2,"W","Recurve","Experienced",2019
34,"ROBERTS Amy",135,32,161,34,85,33,201,34,582,4,2,"W","Recurve","Experienced",2019
35,"MILLER Xanthe",165,29,174,31,81,34,0,0,420,2,0,"W","Recurve","Experienced",2019
36,"RADCLIFFE Rebecca",193,24,136,36,27,36,0,0,356,3,1,"W","Recurve","Experienced",2019
37,"LEE Won Ji",107,36,47,37,0,0,0,0,154,0,0,"W","Recurve","Experienced",2019
1,"MA Yang",274,1,300,1,259,3,313,1,1146,24,5,"M","Recurve","Novice",2019
2,"RYMARZ Pawel",255,2,262,2,266,1,299,3,1082,10,3,"M","Recurve","Novice",2019
3,"PEI Yang",242,3,248,3,264,2,313,2,1067,14,4,"M","Recurve","Novice",2019
4,"NI Zinan",234,4,235,4,213,6,276,7,958,9,0,"M","Recurve","Novice",2019
5,"METZ David",211,5,207,7,207,7,276,8,901,6,2,"M","Recurve","Novice",2019
6,"ROSS Gavin",172,8,200,10,206,8,297,4,875,8,3,"M","Recurve","Novice",2019
7,"LAST Joe",162,11,201,9,225,4,269,10,857,9,1,"M","Recurve","Novice",2019
8,"NAGUSZEWSKI Hubert",199,6,225,6,191,9,241,16,856,6,1,"M","Recurve","Novice",2019
9,"GUERREIRO DO ESPIRITO SANTO Afonso",104,18,230,5,222,5,294,5,850,11,3,"M","Recurve","Novice",2019
10,"CATHRO Cameron",193,7,188,11,161,12,279,6,821,8,3,"M","Recurve","Novice",2019
11,"ROSE Max",140,14,206,8,162,11,268,11,776,8,4,"M","Recurve","Novice",2019
12,"IRELAND James",171,9,173,13,174,10,244,14,762,5,2,"M","Recurve","Novice",2019
13,"OWEN Mason",151,13,178,12,131,17,242,15,702,4,2,"M","Recurve","Novice",2019
14,"BURRIDGE Thomas",101,19,156,15,145,15,275,9,677,3,2,"M","Recurve","Novice",2019
15,"WOLFSBERGER Jan",155,12,109,20,152,13,236,17,652,5,1,"M","Recurve","Novice",2019
16,"WONG Jenson",165,10,117,18,107,20,244,13,633,3,2,"M","Recurve","Novice",2019
17,"KIRKBRIDE Tom",113,17,171,14,126,18,211,18,621,7,1,"M","Recurve","Novice",2019
18,"GUIVER Matt",128,15,92,21,131,16,247,12,598,6,2,"M","Recurve","Novice",2019
19,"SHREES Nayan",115,16,139,16,146,14,176,21,576,2,2,"M","Recurve","Novice",2019
20,"BRIGHTWELL Riley",70,20,136,17,117,19,210,19,533,2,0,"M","Recurve","Novice",2019
21,"DAVIES David",36,21,112,19,80,21,200,20,428,2,0,"M","Recurve","Novice",2019
1,"NILSSON Jessica",229,1,254,1,216,1,302,1,1001,15,3,"W","Barebow","Experienced",2018
2,"PEUHKURI Essi",179,2,138,5,138,5,255,2,710,6,2,"W","Barebow","Experienced",2018
3,"HUTCHINSON Laura",102,7,203,2,176,2,204,12,685,5,2,"W","Barebow","Experienced",2018
4,"ELGEY Amelia",92,9,188,3,155,4,245,4,680,5,2,"W","Barebow","Experienced",2018
5,"SCHULZ Malin",131,4,125,10,157,3,247,3,660,3,2,"W","Barebow","Experienced",2018
6,"QUILANG Pam",165,3,129,8,114,8,208,10,616,4,0,"W","Barebow","Experienced",2018
7,"CALLAGHAN Kimberley",115,6,133,7,123,6,241,5,612,2,1,"W","Barebow","Experienced",2018
8,"COLE Amy",50,14,149,4,109,10,208,9,516,3,3,"W","Barebow","Experienced",2018
9,"BOOTH Elizabeth",117,5,97,13,111,9,186,14,511,4,1,"W","Barebow","Experienced",2018
10,"PURCHASE Megan",102,8,63,18,115,7,224,8,504,3,0,"W","Barebow","Experienced",2018
11,"OSMAN Rachel",86,10,115,12,89,12,207,11,497,2,0,"W","Barebow","Experienced",2018
12,"SALFAIRSO Megan",69,12,137,6,94,11,178,15,478,0,0,"W","Barebow","Experienced",2018
13,"SPEDDING Juliet",71,11,79,16,59,15,225,7,434,4,1,"W","Barebow","Experienced",2018
14,"TIPPETT Claudia",44,15,127,9,75,13,188,13,434,2,1,"W","Barebow","Experienced",2018
15,"WILLETT Kate",67,13,122,11,57,16,160,16,406,3,1,"W","Barebow","Experienced",2018
16,"EVANS Danielle",37,18,65,17,56,17,225,6,383,3,3,"W","Barebow","Experienced",2018
17,"VASEY Rebecca",44,15,83,15,67,14,159,17,353,1,0,"W","Barebow","Experienced",2018
18,"VALLANCE Katie",42,17,91,14,42,18,153,18,328,1,0,"W","Barebow","Experienced",2018
1,"KILGALLON Daniel",124,2,164,1,158,1,236,2,682,3,2,"M","Barebow","Novice",2018
2,"KUKIELKA Andrew",99,3,109,5,97,3,261,1,566,6,4,"M","Barebow","Novice",2018
3,"WADLOW James",128,1,111,4,109,2,180,6,528,4,1,"M","Barebow","Novice",2018
4,"COLTON Ashley",64,4,118,3,78,4,192,4,452,1,0,"M","Barebow","Novice",2018
5,"HAYWARD Kennie",20,9,145,2,76,5,195,3,436,2,1,"M","Barebow","Novice",2018
6,"WARDEN James",53,6,95,6,65,6,181,5,394,2,0,"M","Barebow","Novice",2018
7,"ROBERTS Thomas",38,7,67,7,57,7,160,8,322,1,1,"M","Barebow","Novice",2018
8,"FISHER Lewis",60,5,61,9,33,10,160,7,314,2,1,"M","Barebow","Novice",2018
9,"JOHNSON Tobias",27,8,63,8,52,8,156,9,298,2,2,"M","Barebow","Novice",2018
10,"GLOVER Thomas",9,10,31,10,36,9,114,10,190,0,0,"M","Barebow","Novice",2018
1,"PRIEELS Sarah",339,1,326,4,331,1,357,1,1353,76,32,"W","Compound","Experienced",2018
2,"CARPENTER Izzy",328,2,329,3,314,4,357,2,1328,65,36,"W","Compound","Experienced",2018
3,"MOON Sarah",317,3,330,1,330,2,348,3,1325,62,27,"W","Compound","Experienced",2018
4,"FOSTER Lizzie",312,4,330,2,315,3,345,4,1302,53,23,"W","Compound","Experienced",2018
5,"GRADWOHL Elisa",301,6,307,5,295,6,341,5,1244,36,16,"W","Compound","Experienced",2018
6,"BLEWETT Rebecca",299,7,295,7,308,5,331,7,1233,24,5,"W","Compound","Experienced",2018
7,"NG On Ki",304,5,297,6,284,7,320,9,1205,28,7,"W","Compound","Experienced",2018
8,"SINNETT-SMITH Lydia",294,8,290,8,267,8,333,6,1184,32,10,"W","Compound","Experienced",2018
9,"TUTUIANU Anca",293,9,290,8,260,9,327,8,1170,26,6,"W","Compound","Experienced",2018
10,"ALMOND Nicole",241,10,276,10,236,10,308,10,1061,16,9,"W","Compound","Experienced",2018
1,"SCHOEPPNER Ove",304,1,317,1,315,1,340,1,1276,43,12,"M","Compound","Novice",2018
2,"FUDGE Max",252,3,281,2,255,2,317,2,1105,20,7,"M","Compound","Novice",2018
3,"PEREZ Rovin",263,2,268,3,224,3,297,3,1052,12,1,"M","Compound","Novice",2018
1,"WOODCOCK Helen",116,1,123,1,71,2,174,1,484,1,0,"W","Longbow","Experienced",2018
2,"DUTHIE Beth",45,2,114,2,87,1,108,2,354,2,1,"W","Longbow","Experienced",2018
3,"KING Emma",40,3,46,3,28,4,96,3,210,3,1,"W","Longbow","Experienced",2018
4,"SWANN Victoria",25,5,35,4,24,5,78,4,162,1,0,"W","Longbow","Experienced",2018
5,"KNIGHT Charly",26,4,34,5,35,3,25,5,120,0,0,"W","Longbow","Experienced",2018
1,"HODGES Edward",48,1,22,1,31,1,58,1,159,1,1,"M","Longbow","Novice",2018
1,"PIPER Eleanor",300,1,316,1,308,1,338,1,1262,44,14,"W","Recurve","Experienced",2018
2,"MEYER Johanna",296,2,311,2,289,3,329,3,1225,29,6,"W","Recurve","Experienced",2018
3,"DAVIS Emma",292,4,282,8,287,4,328,5,1189,25,3,"W","Recurve","Experienced",2018
4,"BURNAGE Hannah",265,8,294,5,296,2,329,4,1184,30,5,"W","Recurve","Experienced",2018
5,"BRUG Eleanor",264,10,301,3,282,5,330,2,1177,31,10,"W","Recurve","Experienced",2018
6,"TIPPING Rebekah",277,6,299,4,271,6,323,7,1170,24,7,"W","Recurve","Experienced",2018
7,"TAYLOR Pip",286,5,291,7,251,8,320,8,1148,25,9,"W","Recurve","Experienced",2018
8,"WEBSTER Collette",292,3,270,13,255,7,314,10,1131,19,7,"W","Recurve","Experienced",2018
9,"D'ARCY Evelina",265,8,291,6,236,13,292,20,1084,15,5,"W","Recurve","Experienced",2018
10,"KELLINGLEY Elizabeth",249,14,277,9,236,12,313,11,1075,21,5,"W","Recurve","Experienced",2018
11,"ROSSETTI Charlotte",233,18,270,15,247,9,308,12,1058,14,6,"W","Recurve","Experienced",2018
12,"JACKSON Catherine",214,23,274,10,237,11,320,8,1045,22,8,"W","Recurve","Experienced",2018
13,"KOMPFNER Lisa",231,20,273,11,212,18,327,6,1043,21,5,"W","Recurve","Experienced",2018
14,"FALCUS Kirsty",256,12,265,17,235,14,283,27,1039,9,3,"W","Recurve","Experienced",2018
15,"ALLAWAY Sarah",245,15,266,16,240,10,282,28,1033,8,1,"W","Recurve","Experienced",2018
16,"ELMER Elizabeth",262,11,250,21,215,16,291,21,1018,9,3,"W","Recurve","Experienced",2018
17,"MASON Harlie",268,7,250,20,189,24,300,15,1007,16,2,"W","Recurve","Experienced",2018
18,"KELSEY Harriet",238,17,263,18,201,20,302,13,1004,10,2,"W","Recurve","Experienced",2018
19,"WATTS Jessica",254,13,270,12,168,27,287,24,979,21,5,"W","Recurve","Experienced",2018
20,"WOODCOCK-DEXTER Bethany",225,22,254,19,193,23,298,16,970,9,2,"W","Recurve","Experienced",2018
21,"JONES Ellen",203,27,243,23,211,19,300,14,957,11,5,"W","Recurve","Experienced",2018
22,"SAIGUSA Julie",239,16,237,26,188,25,289,22,953,8,3,"W","Recurve","Experienced",2018
23,"FLINT Heather",187,30,241,24,227,15,293,18,948,13,6,"W","Recurve","Experienced",2018
24,"EVANS Carys",226,21,270,14,156,28,293,19,945,9,1,"W","Recurve","Experienced",2018
25,"GOODWIN Sophie",205,26,229,28,212,17,286,25,932,9,2,"W","Recurve","Experienced",2018
26,"GILL Emily",207,25,245,22,193,22,250,33,895,6,1,"W","Recurve","Experienced",2018
27,"LIU Xin",191,29,198,33,186,26,296,17,871,8,1,"W","Recurve","Experienced",2018
28,"SUN Jiazheng",197,28,194,34,200,21,277,31,868,9,3,"W","Recurve","Experienced",2018
29,"POULTON Emma",233,19,201,32,151,30,282,29,867,2,0,"W","Recurve","Experienced",2018
30,"LIM Cassandra",213,24,240,25,142,33,257,32,852,9,1,"W","Recurve","Experienced",2018
31,"JONES Georgiana",175,31,234,27,154,29,288,23,851,9,2,"W","Recurve","Experienced",2018
32,"MILLER Xanthe",164,33,203,31,149,31,285,26,801,9,3,"W","Recurve","Experienced",2018
33,"CHEN Nancy",165,32,225,29,134,34,245,34,769,4,1,"W","Recurve","Experienced",2018
34,"HURLE Rachael",131,35,211,30,148,32,278,30,768,8,0,"W","Recurve","Experienced",2018
35,"ADDISON Bethany",139,34,149,35,131,35,231,35,650,5,0,"W","Recurve","Experienced",2018
36,"WHITE Emily",89,36,115,37,87,36,184,36,475,4,1,"W","Recurve","Experienced",2018
37,"ARMSTEAD Rosabelle",77,37,141,36,25,37,154,37,397,2,1,"W","Recurve","Experienced",2018
1,"MANAS Petr",252,1,267,1,246,2,310,1,1075,21,2,"M","Recurve","Novice",2018
2,"THOMAS Huw",220,3,254,4,250,1,282,4,1006,8,1,"M","Recurve","Novice",2018
3,"BUTT Ather",217,4,232,5,225,4,286,2,960,8,2,"M","Recurve","Novice",2018
4,"TANSELL Benjamin",229,2,217,7,221,5,283,3,950,15,6,"M","Recurve","Novice",2018
5,"LEE Aaron",180,7,265,2,231,3,267,9,943,15,5,"M","Recurve","Novice",2018
6,"WHITTAKER Thomas",151,14,258,3,192,9,281,5,882,7,2,"M","Recurve","Novice",2018
7,"ROBERTS Felix",200,5,217,8,162,14,268,8,847,7,3,"M","Recurve","Novice",2018
8,"CRUMP Jack",164,9,229,6,177,11,277,7,847,5,0,"M","Recurve","Novice",2018
9,"DI Zhengao",159,11,212,9,211,6,260,13,842,9,4,"M","Recurve","Novice",2018
10,"WANG Samson",196,6,205,13,175,12,255,15,831,6,4,"M","Recurve","Novice",2018
11,"NIEBUDEK Michal",179,8,188,15,195,8,262,11,824,8,3,"M","Recurve","Novice",2018
12,"MILLER Justin",119,19,208,12,183,10,278,6,788,6,2,"M","Recurve","Novice",2018
13,"RAUN Isaac",134,17,182,16,202,7,242,17,760,8,3,"M","Recurve","Novice",2018
14,"LOHMAN Daniel",141,16,212,10,139,19,258,14,750,4,1,"M","Recurve","Novice",2018
15,"SPENCER Robert",154,13,177,17,154,15,245,16,730,3,1,"M","Recurve","Novice",2018
16,"VERWOERD Heinrich",159,10,166,18,152,16,238,18,715,9,5,"M","Recurve","Novice",2018
17,"PRICE David",114,20,210,11,118,20,265,10,707,8,2,"M","Recurve","Novice",2018
18,"SHETH Shivam",129,18,190,14,164,13,214,19,697,3,0,"M","Recurve","Novice",2018
19,"HORECZY Brian",147,15,163,19,101,21,210,20,621,3,0,"M","Recurve","Novice",2018
20,"HAIGH Robert",103,21,103,21,146,18,261,12,613,4,2,"M","Recurve","Novice",2018
21,"LAWRENCE Ben",155,12,148,20,151,17,143,21,597,3,2,"M","Recurve","Novice",2018
1,"BOARDMAN Suzannah",193,1,194,2,183,1,288,1,858,10,5,"W","Barebow","Experienced",2017
2,"PEUHKURI Essi",141,4,190,3,147,2,253,2,731,9,2,"W","Barebow","Experienced",2017
3,"BLANCHARD Anna",143,3,199,1,122,6,233,7,697,5,1,"W","Barebow","Experienced",2017
4,"HUTCHINSON Laura",167,2,130,5,143,3,249,3,689,7,2,"W","Barebow","Experienced",2017
5,"COFFIN Chloe",127,5,146,4,142,4,243,4,658,7,0,"W","Barebow","Experienced",2017
6,"WU Charlotte",107,7,109,7,140,5,235,6,591,3,2,"W","Barebow","Experienced",2017
7,"SALFAIRSO Megan",102,10,118,6,69,11,236,5,525,5,2,"W","Barebow","Experienced",2017
8,"WILSON India",115,6,80,12,92,7,201,12,488,3,1,"W","Barebow","Experienced",2017
9,"ELGEY Amelia",103,9,87,9,90,8,208,11,488,2,0,"W","Barebow","Experienced",2017
10,"PORTER Alyssa",104,8,61,15,79,9,214,8,458,1,0,"W","Barebow","Experienced",2017
11,"MARTIN Elizabeth",91,13,70,13,56,14,214,8,431,2,0,"W","Barebow","Experienced",2017
12,"STANTON Kate",99,12,66,14,75,10,179,13,419,2,1,"W","Barebow","Experienced",2017
13,"SPEDDING Juliet",57,15,93,8,58,13,210,10,418,2,1,"W","Barebow","Experienced",2017
14,"EVANS Danielle",74,14,86,10,65,12,176,14,401,2,1,"W","Barebow","Experienced",2017
15,"VALLANCE Katie",101,11,81,11,54,15,141,16,377,2,1,"W","Barebow","Experienced",2017
16,"BELADACI Yasmin",38,16,33,16,44,16,153,15,268,4,0,"W","Barebow","Experienced",2017
1,"CROYDON William",226,1,209,1,211,1,270,1,916,8,3,"M","Barebow","Novice",2017
2,"JAMESON Damian",152,2,140,5,175,3,214,7,681,4,1,"M","Barebow","Novice",2017
3,"CHEUNG Wai Nok",60,13,144,4,206,2,260,2,670,5,3,"M","Barebow","Novice",2017
4,"WILLIAMS Logan",114,5,151,2,103,7,255,3,623,2,2,"M","Barebow","Novice",2017
5,"PEART Mark",100,6,135,6,111,5,238,4,584,3,0,"M","Barebow","Novice",2017
6,"JACKSON Tom",121,4,150,3,64,16,196,9,531,2,0,"M","Barebow","Novice",2017
7,"WALKER Matt",50,15,90,11,152,4,222,6,514,4,0,"M","Barebow","Novice",2017
8,"WOOLLARD Michael",94,7,133,7,86,10,176,11,489,5,1,"M","Barebow","Novice",2017
9,"HEATH Anthony",123,3,70,15,84,11,191,10,468,2,0,"M","Barebow","Novice",2017
10,"TELFORD Matthew",86,8,80,13,77,12,199,8,442,1,0,"M","Barebow","Novice",2017
11,"RUVALCABA Ernesto",63,12,132,8,89,8,138,14,422,1,0,"M","Barebow","Novice",2017
12,"PRINSLOO Daniel",76,11,112,9,89,8,143,13,420,1,0,"M","Barebow","Novice",2017
13,"HAWKLEY Oscar",29,19,87,12,104,6,151,12,371,2,0,"M","Barebow","Novice",2017
14,"DAVIES David",30,18,27,19,70,14,232,5,359,3,0,"M","Barebow","Novice",2017
15,"STORY Matthew",85,9,100,10,37,18,130,15,352,1,0,"M","Barebow","Novice",2017
16,"TANDY James",83,10,73,14,65,15,118,17,339,1,0,"M","Barebow","Novice",2017
17,"COE James",42,17,53,16,71,13,130,16,296,0,0,"M","Barebow","Novice",2017
18,"VAIVODS Jurgis",50,16,46,17,39,17,110,18,245,0,0,"M","Barebow","Novice",2017
19,"ROBINSON Elliot",52,14,39,18,27,19,88,19,206,2,1,"M","Barebow","Novice",2017
1,"PRIEELS Sarah",327,1,327,1,323,2,351,1,1328,63,28,"W","Compound","Experienced",2017
2,"FOSTER Lizzie",326,2,325,3,325,1,351,1,1327,56,31,"W","Compound","Experienced",2017
3,"GREENWOOD Hope",319,3,312,5,307,4,343,3,1281,52,20,"W","Compound","Experienced",2017
4,"MILIJKOVIC Neira",308,5,318,4,312,3,336,5,1274,43,10,"W","Compound","Experienced",2017
5,"PRIOR Erin",313,4,326,2,286,5,339,4,1264,47,19,"W","Compound","Experienced",2017
6,"ALMOND Nicole",263,7,251,6,229,6,304,7,1047,21,5,"W","Compound","Experienced",2017
7,"HALL Abigail",266,6,245,8,198,8,316,6,1025,16,5,"W","Compound","Experienced",2017
8,"COTTON Alice",251,8,250,7,217,7,291,8,1009,10,2,"W","Compound","Experienced",2017
1,"LIEW Zhen Yuan",302,1,303,1,310,2,332,2,1247,31,6,"M","Compound","Novice",2017
2,"PARES Lloyd",301,2,300,2,310,1,334,1,1245,41,11,"M","Compound","Novice",2017
1,"DUTHIE Beth",107,1,99,2,94,1,234,1,534,7,3,"W","Longbow","Experienced",2017
2,"NIRKKO Jessica",63,4,116,1,92,2,209,2,480,3,2,"W","Longbow","Experienced",2017
3,"WOODCOCK Helen",90,2,98,3,39,6,143,3,370,0,0,"W","Longbow","Experienced",2017
4,"KNIGHT Charly",62,5,74,5,46,4,106,4,288,3,1,"W","Longbow","Experienced",2017
5,"SWANN Victoria",43,6,75,4,40,5,87,5,245,2,1,"W","Longbow","Experienced",2017
6,"WILLIAMS Emily",74,3,46,6,52,3,0,0,172,0,0,"W","Longbow","Experienced",2017
1,"WOODLAND Hamish",48,1,84,1,53,1,125,1,310,1,1,"M","Longbow","Novice",2017
2,"BARHAM Joe",9,2,20,2,27,2,94,2,150,0,0,"M","Longbow","Novice",2017
1,"SAGOO Jaspreet",295,1,289,3,286,1,328,1,1198,26,8,"W","Recurve","Experienced",2017
2,"MEYER Johanna",269,3,303,1,275,3,312,10,1159,19,6,"W","Recurve","Experienced",2017
3,"SLATER Jessie",259,7,276,9,283,2,320,4,1138,20,3,"W","Recurve","Experienced",2017
4,"TIPPING Rebekah",240,16,296,2,254,5,316,7,1106,21,6,"W","Recurve","Experienced",2017
5,"SINNETT-SMITH Lydia",252,9,275,10,274,4,304,14,1105,19,6,"W","Recurve","Experienced",2017
6,"GRADWOHL Elisa",261,5,282,6,224,16,324,3,1091,24,6,"W","Recurve","Experienced",2017
7,"TAYLOR Pip",250,13,268,11,242,8,326,2,1086,18,9,"W","Recurve","Experienced",2017
8,"BURNAGE Hannah",243,15,285,5,237,11,302,16,1067,16,5,"W","Recurve","Experienced",2017
9,"SIUGZDINYTE Neringa",248,14,265,12,234,12,319,5,1066,20,7,"W","Recurve","Experienced",2017
10,"MARTIN Rebecca",272,2,257,17,254,6,282,29,1065,19,7,"W","Recurve","Experienced",2017
11,"BRYANT Emily",260,6,251,21,239,9,313,9,1063,19,5,"W","Recurve","Experienced",2017
12,"BRUG Eleanor",258,8,260,14,220,17,311,11,1049,15,4,"W","Recurve","Experienced",2017
13,"HODGKINSON Laura",251,10,247,23,251,7,290,25,1039,11,1,"W","Recurve","Experienced",2017
14,"FLINT Heather",223,21,280,7,224,15,310,12,1037,19,4,"W","Recurve","Experienced",2017
15,"WOODCOCK Bethany",231,20,277,8,232,13,297,20,1037,16,6,"W","Recurve","Experienced",2017
16,"DAVIS Emma",238,18,286,4,185,24,318,6,1027,20,9,"W","Recurve","Experienced",2017
17,"MCCARTHY Caitlin",250,11,256,18,225,14,296,21,1027,12,3,"W","Recurve","Experienced",2017
18,"RUBIO Sara",267,4,262,13,217,18,279,30,1025,10,1,"W","Recurve","Experienced",2017
19,"CARTER Kate",238,17,235,26,207,20,316,8,996,19,3,"W","Recurve","Experienced",2017
20,"MASON Harlie",235,19,258,15,207,19,296,22,996,13,2,"W","Recurve","Experienced",2017
21,"KOMPFNER Lisa",184,31,254,19,239,10,309,13,986,13,1,"W","Recurve","Experienced",2017
22,"JACKSON Catherine",250,11,253,20,176,27,295,23,974,18,4,"W","Recurve","Experienced",2017
23,"SILVA Tupa",218,23,257,16,194,23,301,17,970,13,4,"W","Recurve","Experienced",2017
24,"JONES Georgiana",206,25,243,24,196,22,286,27,931,6,4,"W","Recurve","Experienced",2017
25,"TUTUIANU Anca",214,24,242,25,178,25,289,26,923,9,1,"W","Recurve","Experienced",2017
26,"ROSSETTI Charlotte",223,22,218,30,177,26,298,19,916,8,5,"W","Recurve","Experienced",2017
27,"POULTON Emma",204,26,215,31,204,21,273,31,896,8,1,"W","Recurve","Experienced",2017
28,"LIU Xin",141,37,227,28,173,28,303,15,844,11,7,"W","Recurve","Experienced",2017
29,"GOODWIN Sophie",194,27,250,22,146,33,244,37,834,10,6,"W","Recurve","Experienced",2017
30,"SAIGUSA Julie",190,29,221,29,123,39,300,18,834,7,3,"W","Recurve","Experienced",2017
31,"WATTS Jessica",175,32,228,27,135,35,284,28,822,10,3,"W","Recurve","Experienced",2017
32,"MCCORMACK Ellen",187,30,190,38,138,34,292,24,807,4,0,"W","Recurve","Experienced",2017
33,"JONES Ellen",168,33,192,37,151,31,266,32,777,5,1,"W","Recurve","Experienced",2017
34,"WHITE Emily",192,28,192,36,120,40,266,33,770,7,1,"W","Recurve","Experienced",2017
35,"GROSSO Jasmine",164,36,214,32,128,36,252,36,758,8,3,"W","Recurve","Experienced",2017
36,"CHAN Bertina",113,42,198,34,165,30,259,34,735,6,1,"W","Recurve","Experienced",2017
37,"SMITH Rachael",165,35,205,33,149,32,215,42,734,10,3,"W","Recurve","Experienced",2017
38,"HOLYLAND Kathryn",141,37,176,41,167,29,229,40,713,8,2,"W","Recurve","Experienced",2017
39,"GILL Emily",135,40,195,35,124,37,257,35,711,5,4,"W","Recurve","Experienced",2017
40,"BAILEY Caitlin",165,34,150,43,123,38,197,43,635,7,2,"W","Recurve","Experienced",2017
41,"ADDISON Bethany",138,39,180,40,75,42,231,39,624,0,0,"W","Recurve","Experienced",2017
42,"WEE Amaliyana",70,43,180,39,93,41,238,38,581,3,1,"W","Recurve","Experienced",2017
43,"SUN Jiazheng",117,41,154,42,67,43,224,41,562,7,2,"W","Recurve","Experienced",2017
1,"ARMSTRONG Sam",274,1,264,3,269,1,317,1,1124,17,7,"M","Recurve","Novice",2017
2,"BEASLEY Toby",248,2,266,2,227,3,316,2,1057,15,4,"M","Recurve","Novice",2017
3,"GARDNER James",217,5,274,1,229,2,310,3,1030,21,6,"M","Recurve","Novice",2017
4,"AHMAD Nasir",221,3,226,6,225,4,298,4,970,12,3,"M","Recurve","Novice",2017
5,"MONCRIEFF MACMILLAN Harry",220,4,242,4,216,5,286,6,964,10,4,"M","Recurve","Novice",2017
6,"LOCKHART Kieran",215,6,232,5,211,6,282,7,940,9,3,"M","Recurve","Novice",2017
7,"LEDGERWOOD Tom",208,7,219,8,195,8,264,15,886,5,0,"M","Recurve","Novice",2017
8,"LU Xiaohang",173,14,204,9,196,7,290,5,863,8,3,"M","Recurve","Novice",2017
9,"DIEP Jamie",182,13,226,7,174,13,267,11,849,6,2,"M","Recurve","Novice",2017
10,"HAMMOND Hugo",183,12,195,12,172,14,265,12,815,6,4,"M","Recurve","Novice",2017
11,"ILYAS Sarmad",188,8,166,17,188,10,273,9,815,6,2,"M","Recurve","Novice",2017
12,"HALL Jonathan",185,11,196,11,161,16,265,13,807,7,2,"M","Recurve","Novice",2017
13,"CHARKSELIANI Konstantin",157,16,195,13,181,11,261,16,794,10,1,"M","Recurve","Novice",2017
14,"POWELL Rory",144,20,198,10,170,15,264,14,776,6,1,"M","Recurve","Novice",2017
15,"THOMPSON Joe",187,9,142,20,192,9,250,20,771,3,0,"M","Recurve","Novice",2017
16,"MCDERMID James",154,18,158,18,176,12,274,8,762,9,3,"M","Recurve","Novice",2017
17,"SPARNENN Kirk",186,10,190,14,115,21,253,19,744,8,2,"M","Recurve","Novice",2017
18,"ANDERSON Callum",169,15,153,19,145,17,256,18,723,4,0,"M","Recurve","Novice",2017
19,"FAIRCLOUGH Paul",147,19,181,15,120,19,259,17,707,4,2,"M","Recurve","Novice",2017
20,"EBBERSON George",155,17,134,21,79,26,271,10,639,4,2,"M","Recurve","Novice",2017
21,"RAWCLIFFE Michael",138,22,166,16,98,23,224,22,626,5,1,"M","Recurve","Novice",2017
22,"DAY Calum",143,21,115,25,110,22,222,23,590,3,1,"M","Recurve","Novice",2017
23,"GOULD Richard",90,25,131,22,129,18,236,21,586,3,1,"M","Recurve","Novice",2017
24,"GRAHAM Bobby",107,23,122,23,97,24,202,25,528,3,3,"M","Recurve","Novice",2017
25,"FRANCO NETO Dilson",79,26,119,24,116,20,190,26,504,2,0,"M","Recurve","Novice",2017
26,"LIMBERGER Frederico",102,24,84,26,97,24,206,24,489,0,0,"M","Recurve","Novice",2017
