"Pos.","Athlete","X60.m","X.1","X50.m","X.2","X40.m","X.3","X30.m","X.4","Tot.","X10.X","X","Sex","Style","Level","Year"
1,"WHITISH Aubrey",140,3,146,3,159,1,221,2,666,4,2,"W","Barebow","Novice",2019
2,"MORRIS Heidi",142,2,185,1,86,5,225,1,638,3,0,"W","Barebow","Novice",2019
3,"TUDORACHE Ana-Maria",147,1,130,4,122,3,180,3,579,2,1,"W","Barebow","Novice",2019
4,"ZOCHOWSKA Paulina",93,4,180,2,118,4,168,4,559,1,0,"W","Barebow","Novice",2019
5,"BLACKMAN Hannah",91,5,108,5,123,2,153,5,475,1,0,"W","Barebow","Novice",2019
6,"NECHYPARENKA Olga",37,8,17,7,81,6,98,6,233,1,0,"W","Barebow","Novice",2019
7,"JOHNSTON Hannah",46,6,42,6,34,7,36,7,158,0,0,"W","Barebow","Novice",2019
8,"JACOB-VALENTIN Corinne",45,7,0,0,0,0,25,8,70,0,0,"W","Barebow","Novice",2019
1,"HUGHES Catherine",253,1,260,1,237,1,279,2,1029,12,4,"W","Compound","Novice",2019
2,"DAY Stephanie",249,2,225,2,221,2,292,1,987,11,1,"W","Compound","Novice",2019
1,"HARTLEY Emily",4,1,21,1,2,1,61,1,88,1,0,"W","Longbow","Novice",2019
1,"YIN Jiaxin (Jessie)",213,1,231,2,223,3,278,4,945,9,2,"W","Recurve","Novice",2019
2,"YANG Ning",202,3,193,6,247,1,286,1,928,7,1,"W","Recurve","Novice",2019
3,"JONES Monica",209,2,241,1,212,4,257,8,919,10,2,"W","Recurve","Novice",2019
4,"EVANS Eloise",177,4,218,4,235,2,249,9,879,7,3,"W","Recurve","Novice",2019
5,"SULLIVAN-BELL Imogen",126,11,225,3,183,7,271,5,805,10,4,"W","Recurve","Novice",2019
6,"VADHER Jennika",163,8,202,5,164,10,271,6,800,7,2,"W","Recurve","Novice",2019
7,"ABRA Megan",169,5,177,8,169,9,284,2,799,6,4,"W","Recurve","Novice",2019
8,"CRUZ Sheyna",168,6,168,10,190,5,239,12,765,6,2,"W","Recurve","Novice",2019
9,"TAN Bernice Rui Lin",152,9,178,7,184,6,243,10,757,5,0,"W","Recurve","Novice",2019
10,"WANG Xunyan",121,13,164,11,180,8,278,3,743,7,2,"W","Recurve","Novice",2019
11,"KHAN Huda",164,7,148,13,162,11,235,13,709,5,2,"W","Recurve","Novice",2019
12,"CASTLEMAN Hannah",111,14,157,12,162,11,257,7,687,8,2,"W","Recurve","Novice",2019
13,"LOGAN Bethany",138,10,143,14,158,13,240,11,679,6,0,"W","Recurve","Novice",2019
14,"ZHANG Siling",95,15,169,9,142,14,218,14,624,4,0,"W","Recurve","Novice",2019
15,"SCOTT Jemima",125,12,100,16,141,15,215,15,581,2,1,"W","Recurve","Novice",2019
16,"YANG Zi",8,16,123,15,93,16,207,16,431,2,1,"W","Recurve","Novice",2019
1,"BRUNT Annabel",162,1,204,1,145,2,244,1,755,7,0,"W","Barebow","Novice",2018
2,"LO Yueh-Chia",121,5,150,4,168,1,234,2,673,5,1,"W","Barebow","Novice",2018
3,"NACCARRATO Eleanor",132,4,160,3,110,4,215,3,617,4,3,"W","Barebow","Novice",2018
4,"WOY Princess",146,2,177,2,100,5,187,4,610,3,1,"W","Barebow","Novice",2018
5,"MCKAY Sophie",135,3,139,6,98,6,182,5,554,2,0,"W","Barebow","Novice",2018
6,"BARLOW Anna",81,6,132,7,127,3,117,8,457,1,0,"W","Barebow","Novice",2018
7,"BROWN Zara",50,7,144,5,69,7,130,7,393,5,2,"W","Barebow","Novice",2018
8,"DE ROOSE Mathilde",10,8,64,8,50,8,140,6,264,1,0,"W","Barebow","Novice",2018
1,"STEWART Josephine",255,1,298,1,269,3,298,1,1120,19,3,"W","Compound","Novice",2018
2,"CLARK Heather",226,4,294,2,291,1,294,2,1105,20,6,"W","Compound","Novice",2018
3,"ROGERS Taylor",227,3,288,3,291,2,291,3,1097,16,7,"W","Compound","Novice",2018
4,"ROGERS Rosie",254,2,283,4,253,4,278,4,1068,12,3,"W","Compound","Novice",2018
1,"MEDCROFT Isobel",29,1,119,1,80,1,154,1,382,0,0,"W","Longbow","Novice",2018
1,"BURTON Robin",262,1,263,1,259,2,267,4,1051,19,9,"W","Recurve","Novice",2018
2,"UUSN�KKI Paula",162,8,249,2,260,1,296,1,967,7,3,"W","Recurve","Novice",2018
3,"SOU Li",245,2,205,8,222,5,287,2,959,9,3,"W","Recurve","Novice",2018
4,"RADCLIFFE Rebecca",214,3,242,3,227,4,250,6,933,9,2,"W","Recurve","Novice",2018
5,"MELLOR Imogen",152,9,226,5,232,3,269,3,879,5,1,"W","Recurve","Novice",2018
6,"MORO Elisabeth",213,4,210,7,193,6,210,9,826,3,0,"W","Recurve","Novice",2018
7,"ROBINSON Sarah",176,5,227,4,161,12,230,7,794,5,2,"W","Recurve","Novice",2018
8,"SIMPSON Emma",166,7,225,6,179,9,204,11,774,4,2,"W","Recurve","Novice",2018
9,"KNAPTON Melissa",168,6,196,9,192,7,192,13,748,1,0,"W","Recurve","Novice",2018
10,"FORD Heather",95,13,178,10,190,8,204,10,667,5,1,"W","Recurve","Novice",2018
11,"ROKITA Anna",137,10,138,12,167,10,215,8,657,3,1,"W","Recurve","Novice",2018
12,"CAMALY Alexandra",133,11,95,14,162,11,254,5,644,7,2,"W","Recurve","Novice",2018
13,"BOWKER-LONNECKER Lin",118,12,158,11,125,13,197,12,598,2,0,"W","Recurve","Novice",2018
14,"TOPHAM Jade",70,14,133,13,90,14,119,14,412,1,0,"W","Recurve","Novice",2018
1,"ALLAWAY Sarah",254,1,292,1,285,1,288,2,1119,23,1,"W","Recurve","Novice",2017
2,"MAKAS Agata",213,2,253,2,192,4,293,1,951,13,3,"W","Recurve","Novice",2017
3,"ARMSTEAD Rosabelle",166,3,225,3,218,2,270,4,879,9,4,"W","Recurve","Novice",2017
4,"WARING Katherine",109,5,183,5,165,5,266,5,723,10,5,"W","Recurve","Novice",2017
5,"KELLINGLEY Elizabeth",66,9,199,4,200,3,237,6,702,5,2,"W","Recurve","Novice",2017
6,"CLARK Amber",80,8,126,7,155,6,272,3,633,7,2,"W","Recurve","Novice",2017
7,"LEE Won Ji",152,4,123,8,92,8,209,7,576,2,0,"W","Recurve","Novice",2017
8,"SPENCER Bethany",95,7,121,9,109,7,201,8,526,3,1,"W","Recurve","Novice",2017
9,"WOODS Hannah",101,6,140,6,90,9,178,9,509,3,1,"W","Recurve","Novice",2017
10,"KENNY Portia",49,10,0,0,0,0,0,0,49,0,0,"W","Recurve","Novice",2017
1,"SCHARF Helen",147,1,213,1,151,2,178,5,689,2,1,"W","Barebow","Novice",2017
2,"TIPPETT Claudia",101,2,165,2,143,3,229,1,638,8,0,"W","Barebow","Novice",2017
3,"RANDALL Jess",87,4,131,3,175,1,223,2,616,3,2,"W","Barebow","Novice",2017
4,"BOOTH Lizzie",96,3,117,6,103,4,211,3,527,4,0,"W","Barebow","Novice",2017
5,"OSMAN Rachel",41,6,119,4,85,6,192,4,437,3,1,"W","Barebow","Novice",2017
6,"VASEY Rebecca",72,5,64,8,96,5,95,7,327,0,0,"W","Barebow","Novice",2017
7,"NEWLING Tracy Angel",40,7,117,5,39,8,127,6,323,2,1,"W","Barebow","Novice",2017
8,"BROOKS Stacey",38,8,77,7,56,7,92,8,263,1,0,"W","Barebow","Novice",2017
9,"SAUNDERS Alice",3,9,10,9,33,9,72,9,118,1,1,"W","Barebow","Novice",2017
